MELAM CHILLI CHICKEN MASALA 100Gm|MELAM CHILLI CHICKEN MASALA 100GmMRP: Rs.59.00WOLMAL PRICE: 39.00REDEEM ACTIVITY BRIDGES 20|MCCM100|simple|Groceries|Masalas||59.00|100|0|Groceries|http://wolmal.com/public/sitestoreproduct_product/82/e7/15/b5be4c87d579c25b370ef1a73424bda8.jpg|||||
MELAM GARAM MASALA 100 Gm|MELAM GARAM MASALA 100 GmMRP: Rs.95.00WOLMAL PRICE: Rs.69.00REDEEM ACTIVITY BRIDGES  26|MGM100|simple|Groceries|Masalas||95.00|100|0|Groceries|http://wolmal.com/public/sitestoreproduct_product/7d/e7/15/dda6ab33e9519aedadfa18ede5fe2fb5.jpg|||||
SUNFEAST FARMLITE BISCUITS 100Gm|SUNFEAST FARMLITE BISCUITS 100GmMRP:Rs.25.00WOLMAL PRICE: Rs.18.00REDEEM ACTIVITY BRIDGES 07|SFB100|simple|Groceries|Others||25.00|100|0|SNACKS|http://wolmal.com/public/sitestoreproduct_product/e4/c4/15/450e3a6f11a3f24675e572c68b94ec57.jpg|||||
GOLDEN OLIVES PREMIUM GREEK EXTRA VIRGIN OLIVE OIL|GOLDEN OLIVES PREMIUM GREEK EXTRA VIRGIN OLIVE OIL 500 Ml.MRP: Rs. 999.00WOLMAL PRICE Rs. 450.00REDEEM ACTIVITY BRIDGES 549|GOPGEVOO1|simple|Groceries|Edible Oils||999.00|500|0|Groceries|http://wolmal.com/public/sitestoreproduct_product/55/af/14/55f3f7b07fc07ee67fd3d3f2b50f1d31.jpg|||||
BUTTERFLY NON STICK RAGA APPACHATTY|BUTTERFLY NON STICK APPACHATTY 200MMMRP: Rs.908.00WOLMAL PRICE Rs.399.00REDEEM ACTIVITY BRIDGES 509|BNSRA1|simple|Appliances|Home Appliances|Others|908.00|500|0|HOME APPLIANCES|http://wolmal.com/public/sitestoreproduct_product/8a/ae/14/3961c5407dc13d67d095b58a8b015e31.jpg|||||
RIPPLE PREMIUM LEAF TEA|RIPPLE PREMIUM LEAF TEA -RELISH THE TASTE OF MUNNARMRP: Rs.180.00WOLMAL PRICE Rs.120.00REDEEM ACTIVITY BRIDGES 60 |RPLF1|simple|Groceries|Others||180.00|500|0|Groceries|http://wolmal.com/public/sitestoreproduct_product/ab/ad/14/86ab0dce479d7978d84bbb9efb10abff.jpg|||||
FarmNU Premium Appalam|FarmNU Highest Quality Premium AppalamMRP Rs.40.00wolmal Price Rs.26.00Redeem Activity Bridges(AB) 14|FA1|simple|Groceries|Others||40.00|100|0|Groceries|http://wolmal.com/public/sitestoreproduct_product/ec/18/14/a2c74fc19bfedf978e28ac59906eae45.png|||||
FarmNU Premium Cumin Seeds  |FarmNU Highest Quality Premium Cumin Seeds MRP Rs.44.00wolmal Price Rs.29.00Redeem Activity Bridges(AB) 15|FCS1|simple|Groceries|Others||44.00|200|0|Groceries|http://wolmal.com/public/sitestoreproduct_product/db/18/14/00b7e27324e01e26a30fbed8db867cd2.jpg|||||
FarmNU Premium Fennel Seeds (Saunf)|FarmNU Highest Quality Premium Fennel Seeds (Saunf)MRP Rs.28.00wolmal Price Rs.18.00Redeem Activity Bridges(AB) 10|FFS1|simple|Groceries|Others||28.00|100|0|Groceries|http://wolmal.com/public/sitestoreproduct_product/c6/18/14/1123e9392a35543ca2171832636f504f.jpg|||||
FarmNU Premium Mustard Seeds|FarmNU Highest Quality Premium Mustard SeedsMRP Rs. 29.00wolmal Price Rs.19.00Redeem Activity Bridges(AB) 10|FMS1|simple|Groceries|Others||29.00|0.2|0|Groceries|http://wolmal.com/public/sitestoreproduct_product/a1/18/14/48b69ee87846b9ea664b40f8e929456e.jpg|||||
FarmNU  Premium Long Red Chilly |FarmNU Highest Quality Premium Long Red ChillyMRP Rs. 46.00wolmal Price Rs.28.00Redeem Activity Bridges(AB) 18|FLRC 1|simple|Groceries|Spices||46.00|200|0|Groceries|http://wolmal.com/public/sitestoreproduct_product/31/18/14/b842500e412211096e5d19f5a645a593.jpg|||||
FarmNU Premium Coriander Seeds|FarmNU Highest Quality Premium Coriander SeedsMRP Rs. 89.00wolmal Price Rs.59.00Redeem Activity Bridges(AB) 30|FCS 1|simple|Groceries|Spices||89.00|500|0|Groceries|http://wolmal.com/public/sitestoreproduct_product/8c/17/14/a2e06232d1cc5bfb84ff45b4120cb635.jpg|||||
FarmNU Premium Black Pepper Whole|FarmNU Highest Quality Premium Black Pepper WholeMRP Rs. 58.00wolmal Price Rs.39.00Redeem Activity Bridges(AB) 19|FBP 1|simple|Groceries|Spices||58.00|50|0|Groceries|http://wolmal.com/public/sitestoreproduct_product/4e/17/14/30ff7bdfe4266a97b42bb0a31242e152.jpg|||||
FarmNU Premium Brown Channa|FarmNU Highest Quality Premium Brown ChannaMRP Rs. 79.00wolmal Price Rs.53.00Redeem Activity Bridges(AB) 26|FBC 1|simple|Groceries|Cereals||79.00|500|0|Groceries|http://wolmal.com/public/sitestoreproduct_product/40/17/14/cc15d515a45f95e0c02e2aa2354860c7.jpg|||||
FarmNU Premium Green Moong 500Gm|FarmNU Highest Quality Premium Green MoongMRP Rs. 78.00wolmal Price Rs.52.00Redeem Activity Bridges(AB) 26|FGM 1|simple|Groceries|Cereals||78.00|500|0|Groceries|http://wolmal.com/public/sitestoreproduct_product/ea/16/14/beb742fc6e9a0349d39545c14ff29aca.jpg|||||
FarmNU Premium White Channa |FarmNU Highest Quality Premium White ChannaMRP Rs. 124.00wolmal Price Rs.83.00Redeem Activity Bridges(AB) 41|FWC 1|simple|Groceries|Cereals||124.00|500|0|Groceries|http://wolmal.com/public/sitestoreproduct_product/c9/16/14/6f64b403977e77d4b3a6ffe2f9934b24.jpg|||||
FarmNU Premium Green Peas |FarmNU Highest Quality Premium Green peas 500gmMRP Rs. 41.00wolmal Price Rs. 27.00Redeem Activity Bridges(AB) 14|FGP1|simple|Groceries|Cereals||41.00|500|0|Groceries|http://wolmal.com/public/sitestoreproduct_product/c0/16/14/70a9de958998b37227075b7a81563c31.jpg|||||
FarmNU Premium Sugar|FarmNU Highest Quality Premium Sugar1KgMRP Rs. 58.00wolmal Price Rs. 39.00Redeem Activity Bridges(AB) 19|FPS|simple|Groceries|Others||58.00|1|0|Groceries|http://wolmal.com/public/sitestoreproduct_product/47/16/14/911f9440b559fc41acb243984d8e022a.jpg|||||
FarmNU Premium Gram Dhall|FarmNU Highest Quality Premium Gram DhallMRP Rs. 65.00wolmal Price Rs. 44.00Redeem Activity Bridges(AB) 21|FGD 1|simple|Groceries|Pulses||65.00|500|0|Groceries|http://wolmal.com/public/sitestoreproduct_product/11/16/14/dc388fc91e1ad060070c7e09212fc359.jpg|||||
 FarmNU Premium Unpolished Moong Dhall|FarmNU Highest Quality Premium Unpolished Moong Dhal 500 GmsMRP Rs. 65.00wolmal Price Rs. 44.00Redeem Activity Bridges(AB) 21|FUMD|simple|Groceries|Pulses||65.00|500|0|Groceries|http://wolmal.com/public/sitestoreproduct_product/0c/16/14/4d107f23cebb8b889a79ec6b36486a31.jpg|||||
FarmNU Premium Unpolished Orid Dhall|FarmNU Premium Unpolished Orid DhallMRP Rs 146.00wolmal Price Rs 98.00Redeem Activity Bridges (AB) 48|FUOD 1|simple|Groceries|Pulses||146.00|1|0|Groceries|http://wolmal.com/public/sitestoreproduct_product/07/16/14/0f04b9fbba0a970eb4a94c87fa1929bf.jpg|||||
FarmNU Premium Unpolished Toor Dhall|FarmNU Premium Unpolished Toor DhallMRP Rs 124.00wolmal Price Rs 79.00Redeem Activity Bridges 45|FUTD 1|simple|Groceries|Pulses||124.00|1|0|Groceries|http://wolmal.com/public/sitestoreproduct_product/e1/15/14/a8db4f7f498b5ae4929d5ac80914a4f1.jpg|||||
SUNLAND Refined Sunflower Oil 1litre|SUNLAND Refined Sunflower Oil1 LitreMRP Rs.99.00wolmal Price Rs.75.00Redeem Activity Bridges (AB) 24|SSFO1 |simple|Groceries|||99.00|1|20|Groceries|http://wolmal.com/public/sitestoreproduct_product/fa/f4/13/8a8c6197b52b6eaa5d0e519c792a6f5b.jpg|||||
Melam EASY PALAPPAM PODI 500Gm|Melam EASY PALAPPAM PODI 500GmMRP Rs.60.00wolmal Price Rs.49.00Redeem Activity Bridges (AB) 11|MEPP500Gm|simple|Groceries|Breakfast Mix||60.00|500|20|Groceries|http://wolmal.com/public/sitestoreproduct_product/e2/e9/13/d02a8a8e1bfd8ba4b357e45180a73e10.jpg|||||
Melam WHITE PUTTU PODI 500Gm|Melam WHITE PUTTUPODI 500GmMRP Rs.47.00wolmal Price Rs.37.00Redeem Activity Bridges (AB) 10|MWPP500Gm|simple|Groceries|Breakfast Mix||47.00|500|20|Groceries|http://wolmal.com/public/sitestoreproduct_product/dd/e9/13/66c1a47bc06a3a4c7c79d6e1d0412b35.jpg|||||
Melam CHEMBA PUTTUPODI 500Gm|Melam CHEMBA PUTTUPODI 500GmMRP Rs.49.00wolmal Price Rs.41.00Redeem Activity Bridges (AB) 08|MCP500gm|simple|Groceries|Breakfast Mix||49.00|500|20|Groceries|http://wolmal.com/public/sitestoreproduct_product/c0/e9/13/acae96c690f1fe12b3b7ff276717d5f8.jpg|||||
Melam ROASTED RAVA 500Gm|SUPERFINE Melam ROASTED RAVA 500GmExcellent Tasty High Quality RavaMRP Rs.52.00wolmal Price Rs.39.00Redeem Activity Bridges (AB) 13|MRR 500Gm|simple|Groceries|Breakfast Mix||52.00|500|20|Groceries|http://wolmal.com/public/sitestoreproduct_product/a7/e9/13/e6d2d8010c0b71599358e65f1f07900e.jpg|||||
Melam KADALA CURRY|Melam KADALA CURRYMRP Rs. 50.00wolmal Price Rs. 34.00Activity Bridges Redeemed 16|MKC|simple|Groceries|||50.00|100|20|Groceries|http://wolmal.com/public/sitestoreproduct_product/47/e9/13/9ed479d17ff667950395d2a85447256f.jpg|||||
Melam CHANNA MASALA|Melam Channa Masala50Gm. MRP Rs.32.00wolmal Price Rs.22.00Activity Bridges Redeemed 10|mcm|simple|Groceries|Masalas||32.00|100|20|Groceries|http://wolmal.com/public/sitestoreproduct_product/42/e9/13/f3dc49949c87010072b7a70f774cf45e.jpg|||||
Melam CORIANDER POWDER|Melam CORIANDER POWDER50Gm.MRP. Rs.20.00wolmal Price Rs. 14.00Activity Bridges Redeemed 06|MCP|simple|Groceries|||20.00|50|20|Groceries|http://wolmal.com/public/sitestoreproduct_product/3d/e9/13/b038595f297b9fb5b953c226f904599a.jpg|||||
Manachanallur Ponni Premium Boiled Rice 10Kg|Manachanallur Ponni Super Fine Boiled Rice (Premium)High Quality Boiled Rice of Tamilnadu10 Kg MRP: Rs.690wolmal Price Rs. 489Redeem Activity Bridges 201|MPBRICE|simple|Groceries|||690.00|10|100|Groceries|http://wolmal.com/public/sitestoreproduct_product/fd/d0/13/42d48f7ddbf43ee35491f9c377295f0d.jpg|||||
Tetley GREEN TEA Long Leaf PURE ORIGINAL 250g|TATA tetley GREEN TEA Long Leaf PURE ORIGINAL Makes 165 cups|tetley green tea long leaf|simple|Groceries|||200.00|250|0||http://wolmal.com/public/sitestoreproduct_product/01/6d/0d/d52a1_91aa.jpg|http://wolmal.com/public/sitestoreproduct_product/f7/6c/0d/d5298_fea6.gif||||
Melam Rasam Mix|MELAM RASAM MIX 100GmMRP Rs. 60.00WOLMAL PRICE Rs.39.00REDEEM ACTIVITY BRIDGES (AB) 21|melamrasammix|simple|Groceries|||60.00|100|0|Groceries|http://wolmal.com/public/sitestoreproduct_product/25/f5/09/9e239_b5a2.jpg|||||
Melam Sambar Powder|MELAM SAMBAR POWDER 100GmMRP Rs.50.00WOLMAL PRICE Rs.34.00REDEEM ACTIVITY BRIDGES (AB) 16|melamsambarpowder|simple|Groceries|Masalas||50.00|100|0|Groceries|http://wolmal.com/public/sitestoreproduct_product/84/f3/09/9e09a_9942.jpg|||||
Melam Mutton Masala|MELAM MUTTON MASALA 100GmMRP Rs. 54.00WOLMAL PRICE Rs.36.00REDEEM ACTIVITY BRIDGES 18|melammuttonmasala|simple|Groceries|||54.00|100|0|Groceries|http://wolmal.com/public/sitestoreproduct_product/61/f3/09/9e077_75e9.png|||||
Melam Chicken Masala |MELAM CHICKEN MASALA 100GmMRP Rs.56.00WOLMAL PRICE Rs. 37.00REDEEM ACTIVITY BRIDGES (AB) 19|melamchickenmasala|simple|Groceries|||56.00|100|0|Groceries|http://wolmal.com/public/sitestoreproduct_product/50/f3/09/9e066_0e03.jpg|||||
Melam Kashmiri Chilli Powder|Melam Kashmiri Chilli Powder 100GmMRP Rs. 45.00WOLMAL PRICE Rs. 30.00REDEEM ACTIVITY BRIDGES (AB) 15|melamkasmirichillipowder|simple|Groceries|Spices||45.00|100|0|Groceries|http://wolmal.com/public/sitestoreproduct_product/43/f3/09/9e059_7dbf.png|||||
Melam Turmeric Powder 100g|Melam Turmeric Powder 100GmMRP Rs.34.00WOLMAL PRICE Rs.23.00REDEEM ACTIVITY BRIDGES (AB) 11|melamturmericpowder|simple|Groceries|Spices||34.00|100|0|Groceries|http://wolmal.com/public/sitestoreproduct_product/3a/f3/09/9e050_ec33.png|||||
Melam Chilli Powder|Melam Chilli Powder 100GmMRP Rs.31.00 WOLMAL PRICE Rs.20.00REDEEM ACTIVITY BRIDGES (AB) 11|melamchillypowder|simple|Groceries|Spices||31.00|100|0|Groceries|http://wolmal.com/public/sitestoreproduct_product/fe/f2/09/9e015_96df.png|||||
Melam Black Pepper Powder|Melam BLACK PEPPER POWDER 50gmMRP Rs.95/- Wolmal Price Rs.63/-Redeem Activity Bridges (AB) 32/-|melamblackpepperpowder|simple|Groceries|||95.00|50|0|Groceries|http://wolmal.com/public/sitestoreproduct_product/2d/f2/09/9df44_5835.png|http://wolmal.com/public/sitestoreproduct_product/00/ef/09/9dc1a_59c5.gif||||
Tanjavur White Ponni Boiled Rice (Premium)|FarmNU Tanjavur White PONNI Premium Boiled Rice 10 Kg MRP Rs.728.00Wolmal Price Rs.519.00Redeem Activity Bridges (AB) 209High Quality Superfine White Ponni Boiled Ricefrom the fertile land of Tamilnadu. Rich in Taste. |ponnirice|simple|Groceries|||728.00|10|0|Groceries|http://wolmal.com/public/sitestoreproduct_product/66/d0/13/becc5f36d2e70aa10b1b3fbbc5058d34.jpg|||||