{
  "type": "external",
  "name": "scrollbars",
  "version": "4.9.1",
  "revision": "9747",
  "path": "externals\/scrollbars",
  "repository": null,
  "date": "Wed, 26 Apr 2017 15:50:15 +0000",
  "title": "Scrollbars",
  "description": null,
  "thumb": null,
  "developer": null,
  "authors": [
    "Webligo Developments"
  ],
  "meta": {
    "date": "Wed, 26 Apr 2017 15:50:15 +0000",
    "title": "Scrollbars",
    "description": null,
    "developer": null,
    "authors": [
      "Webligo Developments"
    ],
    "changeLog": null
  },
  "actions": [
    
  ],
  "callback": null,
  "dependencies": null,
  "tests": [
    
  ],
  "permissions": [
    
  ],
  "structure": {
    "externals\/scrollbars": {
      "type": "directory",
      "path": "externals\/scrollbars",
      "structure": [
        {
          "path": "scrollbars.min.js",
          "dir": false,
          "file": true,
          "perms": "0644",
          "size": 14050,
          "sha1": "eb4b57f6b182223e38b574a9ac2cdd8dd7843aba"
        },
        {
          "path": "manifest.php",
          "dir": false,
          "file": true,
          "perms": "0644",
          "size": 381,
          "sha1": "73be33b9fb1b60565484cc433b61c065569efa67"
        }
      ]
    }
  }
}