{
  "type": "external",
  "name": "font-awesome",
  "version": "4.9.1",
  "revision": "10270",
  "path": "externals\/font-awesome",
  "repository": null,
  "date": "Wed, 26 Apr 2017 15:50:15 +0000",
  "title": "Font Awesome",
  "description": null,
  "thumb": null,
  "developer": null,
  "authors": [
    "Webligo Developments"
  ],
  "meta": {
    "date": "Wed, 26 Apr 2017 15:50:15 +0000",
    "title": "Font Awesome",
    "description": null,
    "developer": null,
    "authors": [
      "Webligo Developments"
    ],
    "changeLog": null
  },
  "actions": [
    
  ],
  "callback": null,
  "dependencies": null,
  "tests": [
    
  ],
  "permissions": [
    
  ],
  "structure": {
    "externals\/font-awesome": {
      "type": "directory",
      "path": "externals\/font-awesome",
      "structure": [
        {
          "path": "fonts",
          "dir": true,
          "file": false,
          "perms": "0755",
          "size": 4096,
          "sha1": null
        },
        {
          "path": "fonts\/fontawesome-webfont.woff2",
          "dir": false,
          "file": true,
          "perms": "0644",
          "size": 77160,
          "sha1": "d6f48cba7d076fb6f2fd6ba993a75b9dc1ecbf0c"
        },
        {
          "path": "fonts\/fontawesome-webfont.svg",
          "dir": false,
          "file": true,
          "perms": "0644",
          "size": 444379,
          "sha1": "98a8aa5cf7d62c2eff5f07ede8d844b874ef06ed"
        },
        {
          "path": "fonts\/fontawesome-webfont.woff",
          "dir": false,
          "file": true,
          "perms": "0644",
          "size": 98024,
          "sha1": "28b782240b3e76db824e12c02754a9731a167527"
        },
        {
          "path": "fonts\/FontAwesome.otf",
          "dir": false,
          "file": true,
          "perms": "0644",
          "size": 134808,
          "sha1": "048707bc52ac4b6563aaa383bfe8660a0ddc908c"
        },
        {
          "path": "fonts\/fontawesome-webfont.ttf",
          "dir": false,
          "file": true,
          "perms": "0644",
          "size": 165548,
          "sha1": "13b1eab65a983c7a73bc7997c479d66943f7c6cb"
        },
        {
          "path": "fonts\/fontawesome-webfont.eot",
          "dir": false,
          "file": true,
          "perms": "0644",
          "size": 165742,
          "sha1": "d980c2ce873dc43af460d4d572d441304499f400"
        },
        {
          "path": "manifest.php",
          "dir": false,
          "file": true,
          "perms": "0644",
          "size": 390,
          "sha1": "5e4b51ff136310ee6234a46b0b2c1ed6ceb816c0"
        },
        {
          "path": "css",
          "dir": true,
          "file": false,
          "perms": "0755",
          "size": 4096,
          "sha1": null
        },
        {
          "path": "css\/font-awesome.min.css",
          "dir": false,
          "file": true,
          "perms": "0644",
          "size": 31000,
          "sha1": "512c7d79033e3028a9be61b540cf1a6870c896f8"
        }
      ]
    }
  }
}