{
  "type": "external",
  "name": "fancymenu",
  "version": "4.9.1",
  "revision": null,
  "path": "externals\/fancymenu",
  "repository": null,
  "date": "Wed, 26 Apr 2017 15:50:15 +0000",
  "title": "Fancy Menu",
  "description": "External assets for Fancy Menu Widget",
  "thumb": null,
  "developer": null,
  "authors": [
    "Webligo Dervelopments"
  ],
  "meta": {
    "date": "Wed, 26 Apr 2017 15:50:15 +0000",
    "title": "Fancy Menu",
    "description": "External assets for Fancy Menu Widget",
    "developer": null,
    "authors": [
      "Webligo Dervelopments"
    ],
    "changeLog": null
  },
  "actions": [
    "install",
    "upgrade",
    "refresh"
  ],
  "callback": null,
  "dependencies": null,
  "tests": [
    
  ],
  "permissions": [
    
  ],
  "structure": {
    "externals\/fancymenu": {
      "type": "directory",
      "path": "externals\/fancymenu",
      "structure": [
        {
          "path": "fancymenu.js",
          "dir": false,
          "file": true,
          "perms": "0644",
          "size": 24598,
          "sha1": "2c4786fe1ed379f9de6eeef30427da738d754a27"
        },
        {
          "path": "manifest.php",
          "dir": false,
          "file": true,
          "perms": "0644",
          "size": 504,
          "sha1": "eb664738104cf6447a50e6d245c9fd2971aa7ef3"
        }
      ]
    }
  }
}