{
  "type": "external",
  "name": "moocomet",
  "version": "4.9.1",
  "revision": "9747",
  "path": "externals\/moocomet",
  "repository": null,
  "date": "Wed, 26 Apr 2017 15:50:15 +0000",
  "title": "Moocomet",
  "description": null,
  "thumb": null,
  "developer": null,
  "authors": [
    "Webligo Developments"
  ],
  "meta": {
    "date": "Wed, 26 Apr 2017 15:50:15 +0000",
    "title": "Moocomet",
    "description": null,
    "developer": null,
    "authors": [
      "Webligo Developments"
    ],
    "changeLog": null
  },
  "actions": [
    
  ],
  "callback": null,
  "dependencies": null,
  "tests": [
    
  ],
  "permissions": [
    
  ],
  "structure": {
    "externals\/moocomet": {
      "type": "directory",
      "path": "externals\/moocomet",
      "structure": [
        {
          "path": "manifest.php",
          "dir": false,
          "file": true,
          "perms": "0644",
          "size": 372,
          "sha1": "dc05da9f2e42ac6297fdecb7a7b82c811d5267d2"
        },
        {
          "path": "request.comet.js",
          "dir": false,
          "file": true,
          "perms": "0644",
          "size": 5107,
          "sha1": "50217353bbdc178e668bd9bc3eb9a4969911dc27"
        }
      ]
    }
  }
}