{
  "type": "external",
  "name": "tagger",
  "version": "4.9.1",
  "revision": "9747",
  "path": "externals\/tagger",
  "repository": null,
  "date": "Wed, 26 Apr 2017 15:50:15 +0000",
  "title": "Tagger",
  "description": null,
  "thumb": null,
  "developer": null,
  "authors": [
    "Webligo Developments"
  ],
  "meta": {
    "date": "Wed, 26 Apr 2017 15:50:15 +0000",
    "title": "Tagger",
    "description": null,
    "developer": null,
    "authors": [
      "Webligo Developments"
    ],
    "changeLog": null
  },
  "actions": [
    
  ],
  "callback": null,
  "dependencies": null,
  "tests": [
    
  ],
  "permissions": [
    
  ],
  "structure": {
    "externals\/tagger": {
      "type": "directory",
      "path": "externals\/tagger",
      "structure": [
        {
          "path": "manifest.php",
          "dir": false,
          "file": true,
          "perms": "0644",
          "size": 365,
          "sha1": "829949ef6e17c06ada7209439602a8f991fa54c0"
        },
        {
          "path": "tagger.js",
          "dir": false,
          "file": true,
          "perms": "0644",
          "size": 12622,
          "sha1": "23e3b72fb6f0776e1c79e04004bb10bf0ef74788"
        }
      ]
    }
  }
}