{
  "type": "external",
  "name": "tinymce",
  "version": "4.9.1",
  "revision": "10267",
  "path": "externals\/tinymce",
  "repository": null,
  "date": "Wed, 26 Apr 2017 15:50:15 +0000",
  "title": "TinyMCE",
  "description": null,
  "thumb": null,
  "developer": null,
  "authors": [
    "Webligo Developments"
  ],
  "meta": {
    "date": "Wed, 26 Apr 2017 15:50:15 +0000",
    "title": "TinyMCE",
    "description": null,
    "developer": null,
    "authors": [
      "Webligo Developments"
    ],
    "changeLog": null
  },
  "actions": [
    
  ],
  "callback": null,
  "dependencies": null,
  "tests": [
    
  ],
  "permissions": [
    
  ],
  "structure": {
    "externals\/tinymce": {
      "type": "directory",
      "path": "externals\/tinymce",
      "structure": [
        {
          "path": "themes",
          "dir": true,
          "file": false,
          "perms": "0755",
          "size": 4096,
          "sha1": null
        },
        {
          "path": "themes\/modern",
          "dir": true,
          "file": false,
          "perms": "0755",
          "size": 4096,
          "sha1": null
        },
        {
          "path": "themes\/modern\/theme.min.js",
          "dir": false,
          "file": true,
          "perms": "0644",
          "size": 13146,
          "sha1": "8e6a499cf5c4f3f7494b2498a925937c83d75399"
        },
        {
          "path": "license.txt",
          "dir": false,
          "file": true,
          "perms": "0644",
          "size": 26427,
          "sha1": "86a56c993187694ecf394649147af5a1f8838688"
        },
        {
          "path": "tinymce.min.js",
          "dir": false,
          "file": true,
          "perms": "0644",
          "size": 401311,
          "sha1": "a865238cd4ae00e3b4e9d8df48f98ee23854de49"
        },
        {
          "path": "manifest.php",
          "dir": false,
          "file": true,
          "perms": "0644",
          "size": 370,
          "sha1": "fd0edee9a0b118ccbce08185bcf86fd458942ef2"
        },
        {
          "path": "plugins",
          "dir": true,
          "file": false,
          "perms": "0755",
          "size": 4096,
          "sha1": null
        },
        {
          "path": "plugins\/fullpage",
          "dir": true,
          "file": false,
          "perms": "0755",
          "size": 4096,
          "sha1": null
        },
        {
          "path": "plugins\/fullpage\/plugin.min.js",
          "dir": false,
          "file": true,
          "perms": "0644",
          "size": 6308,
          "sha1": "f321795a4f6ae8a562790a197c64e2345997da26"
        },
        {
          "path": "plugins\/link",
          "dir": true,
          "file": false,
          "perms": "0755",
          "size": 4096,
          "sha1": null
        },
        {
          "path": "plugins\/link\/plugin.min.js",
          "dir": false,
          "file": true,
          "perms": "0644",
          "size": 6903,
          "sha1": "399542019d24b10aaa4c6c316c134e443485f181"
        },
        {
          "path": "plugins\/visualblocks",
          "dir": true,
          "file": false,
          "perms": "0755",
          "size": 4096,
          "sha1": null
        },
        {
          "path": "plugins\/visualblocks\/plugin.min.js",
          "dir": false,
          "file": true,
          "perms": "0644",
          "size": 1153,
          "sha1": "e4dd01381493ad802c9c38b4a1c84347a3b3b51c"
        },
        {
          "path": "plugins\/visualblocks\/css",
          "dir": true,
          "file": false,
          "perms": "0755",
          "size": 4096,
          "sha1": null
        },
        {
          "path": "plugins\/visualblocks\/css\/visualblocks.css",
          "dir": false,
          "file": true,
          "perms": "0644",
          "size": 5092,
          "sha1": "d803e88b6a330592afa7748ad0fe9a2ca0e1fd79"
        },
        {
          "path": "plugins\/image",
          "dir": true,
          "file": false,
          "perms": "0755",
          "size": 4096,
          "sha1": null
        },
        {
          "path": "plugins\/image\/plugin.min.js",
          "dir": false,
          "file": true,
          "perms": "0644",
          "size": 8195,
          "sha1": "cea9fb0fb10a2a5d6141b152cced7dc9082b6b5a"
        },
        {
          "path": "plugins\/example_dependency",
          "dir": true,
          "file": false,
          "perms": "0755",
          "size": 4096,
          "sha1": null
        },
        {
          "path": "plugins\/example_dependency\/plugin.min.js",
          "dir": false,
          "file": true,
          "perms": "0644",
          "size": 73,
          "sha1": "542cfcc2e403635375337eb796866f4f215cb3f7"
        },
        {
          "path": "plugins\/example",
          "dir": true,
          "file": false,
          "perms": "0755",
          "size": 4096,
          "sha1": null
        },
        {
          "path": "plugins\/example\/plugin.min.js",
          "dir": false,
          "file": true,
          "perms": "0644",
          "size": 658,
          "sha1": "296bb1093117ac72789fb569ae9bc58afefce56e"
        },
        {
          "path": "plugins\/example\/dialog.html",
          "dir": false,
          "file": true,
          "perms": "0644",
          "size": 213,
          "sha1": "57913a9f830f9ca9c094c33587a20db4340f1a82"
        },
        {
          "path": "plugins\/importcss",
          "dir": true,
          "file": false,
          "perms": "0755",
          "size": 4096,
          "sha1": null
        },
        {
          "path": "plugins\/importcss\/plugin.min.js",
          "dir": false,
          "file": true,
          "perms": "0644",
          "size": 2746,
          "sha1": "0290e9872defdd6e73ffab1e1e44962b2c6528fe"
        },
        {
          "path": "plugins\/template",
          "dir": true,
          "file": false,
          "perms": "0755",
          "size": 4096,
          "sha1": null
        },
        {
          "path": "plugins\/template\/plugin.min.js",
          "dir": false,
          "file": true,
          "perms": "0644",
          "size": 4520,
          "sha1": "fbd79622e96db383a4304344095cc2f136f32082"
        },
        {
          "path": "plugins\/textcolor",
          "dir": true,
          "file": false,
          "perms": "0755",
          "size": 4096,
          "sha1": null
        },
        {
          "path": "plugins\/textcolor\/plugin.min.js",
          "dir": false,
          "file": true,
          "perms": "0644",
          "size": 4145,
          "sha1": "da8f0a7188cd1ef0257dcc40842e570841a2151b"
        },
        {
          "path": "plugins\/wordcount",
          "dir": true,
          "file": false,
          "perms": "0755",
          "size": 4096,
          "sha1": null
        },
        {
          "path": "plugins\/wordcount\/plugin.min.js",
          "dir": false,
          "file": true,
          "perms": "0644",
          "size": 11674,
          "sha1": "9a85ea98be7dbe0c94dd32ca4f2860a70b32bf74"
        },
        {
          "path": "plugins\/table",
          "dir": true,
          "file": false,
          "perms": "0755",
          "size": 4096,
          "sha1": null
        },
        {
          "path": "plugins\/table\/plugin.min.js",
          "dir": false,
          "file": true,
          "perms": "0644",
          "size": 45825,
          "sha1": "3f5a7f18e0c811ec153d9675144545eaeeed2a9b"
        },
        {
          "path": "plugins\/codesample",
          "dir": true,
          "file": false,
          "perms": "0755",
          "size": 4096,
          "sha1": null
        },
        {
          "path": "plugins\/codesample\/plugin.min.js",
          "dir": false,
          "file": true,
          "perms": "0644",
          "size": 20264,
          "sha1": "e8bbbc193439e295b9d3072f4e4bde8a8dd6b4e8"
        },
        {
          "path": "plugins\/codesample\/css",
          "dir": true,
          "file": false,
          "perms": "0755",
          "size": 4096,
          "sha1": null
        },
        {
          "path": "plugins\/codesample\/css\/prism.css",
          "dir": false,
          "file": true,
          "perms": "0644",
          "size": 2289,
          "sha1": "1e9b49fcf86b93e58ec81a22fc05d368df86567f"
        },
        {
          "path": "plugins\/advlist",
          "dir": true,
          "file": false,
          "perms": "0755",
          "size": 4096,
          "sha1": null
        },
        {
          "path": "plugins\/advlist\/plugin.min.js",
          "dir": false,
          "file": true,
          "perms": "0644",
          "size": 1948,
          "sha1": "80af75e4857aed35702944722a8f39252d08f40d"
        },
        {
          "path": "plugins\/legacyoutput",
          "dir": true,
          "file": false,
          "perms": "0755",
          "size": 4096,
          "sha1": null
        },
        {
          "path": "plugins\/legacyoutput\/plugin.min.js",
          "dir": false,
          "file": true,
          "perms": "0644",
          "size": 3263,
          "sha1": "d9c92e6862e7f23d571b95796df03b0dba1e4d15"
        },
        {
          "path": "plugins\/autoresize",
          "dir": true,
          "file": false,
          "perms": "0755",
          "size": 4096,
          "sha1": null
        },
        {
          "path": "plugins\/autoresize\/plugin.min.js",
          "dir": false,
          "file": true,
          "perms": "0644",
          "size": 1903,
          "sha1": "4bb04ce998f01169bad96e03ae0960984eb6f376"
        },
        {
          "path": "plugins\/anchor",
          "dir": true,
          "file": false,
          "perms": "0755",
          "size": 4096,
          "sha1": null
        },
        {
          "path": "plugins\/anchor\/plugin.min.js",
          "dir": false,
          "file": true,
          "perms": "0644",
          "size": 935,
          "sha1": "8c70d85ba52642041d38b253075e526293384404"
        },
        {
          "path": "plugins\/charmap",
          "dir": true,
          "file": false,
          "perms": "0755",
          "size": 4096,
          "sha1": null
        },
        {
          "path": "plugins\/charmap\/plugin.min.js",
          "dir": false,
          "file": true,
          "perms": "0644",
          "size": 8199,
          "sha1": "76b7c353818f7cdf82c84fd70061b1bb73417295"
        },
        {
          "path": "plugins\/paste",
          "dir": true,
          "file": false,
          "perms": "0755",
          "size": 4096,
          "sha1": null
        },
        {
          "path": "plugins\/paste\/plugin.min.js",
          "dir": false,
          "file": true,
          "perms": "0644",
          "size": 17676,
          "sha1": "4847776948ff1d6a7caad92a92caa6b29d4dedf1"
        },
        {
          "path": "plugins\/tabfocus",
          "dir": true,
          "file": false,
          "perms": "0755",
          "size": 4096,
          "sha1": null
        },
        {
          "path": "plugins\/tabfocus\/plugin.min.js",
          "dir": false,
          "file": true,
          "perms": "0644",
          "size": 1264,
          "sha1": "9f1039e859d3f29a953eef3c10d6919a2335e9e5"
        },
        {
          "path": "plugins\/layer",
          "dir": true,
          "file": false,
          "perms": "0755",
          "size": 4096,
          "sha1": null
        },
        {
          "path": "plugins\/layer\/plugin.min.js",
          "dir": false,
          "file": true,
          "perms": "0644",
          "size": 2857,
          "sha1": "bec469242bef5acedd8729b6a8161238d4015949"
        },
        {
          "path": "plugins\/nonbreaking",
          "dir": true,
          "file": false,
          "perms": "0755",
          "size": 4096,
          "sha1": null
        },
        {
          "path": "plugins\/nonbreaking\/plugin.min.js",
          "dir": false,
          "file": true,
          "perms": "0644",
          "size": 655,
          "sha1": "a468b7cfcf5ff98d4dba6240027c5ed4f7a1bf6a"
        },
        {
          "path": "plugins\/spellchecker",
          "dir": true,
          "file": false,
          "perms": "0755",
          "size": 4096,
          "sha1": null
        },
        {
          "path": "plugins\/spellchecker\/plugin.min.js",
          "dir": false,
          "file": true,
          "perms": "0644",
          "size": 10044,
          "sha1": "2e6c9865a0274b9838bb88dbeeb89345c72bcc3d"
        },
        {
          "path": "plugins\/searchreplace",
          "dir": true,
          "file": false,
          "perms": "0755",
          "size": 4096,
          "sha1": null
        },
        {
          "path": "plugins\/searchreplace\/plugin.min.js",
          "dir": false,
          "file": true,
          "perms": "0644",
          "size": 6493,
          "sha1": "93afc786657265c714049ca808180751579034d5"
        },
        {
          "path": "plugins\/visualchars",
          "dir": true,
          "file": false,
          "perms": "0755",
          "size": 4096,
          "sha1": null
        },
        {
          "path": "plugins\/visualchars\/plugin.min.js",
          "dir": false,
          "file": true,
          "perms": "0644",
          "size": 1178,
          "sha1": "9e369673cc8df5b3fc19bb655b9feb55043fab60"
        },
        {
          "path": "plugins\/pagebreak",
          "dir": true,
          "file": false,
          "perms": "0755",
          "size": 4096,
          "sha1": null
        },
        {
          "path": "plugins\/pagebreak\/plugin.min.js",
          "dir": false,
          "file": true,
          "perms": "0644",
          "size": 1230,
          "sha1": "e9c7916778f7e47922281dcd8e3e06795330fdcb"
        },
        {
          "path": "plugins\/imagetools",
          "dir": true,
          "file": false,
          "perms": "0755",
          "size": 4096,
          "sha1": null
        },
        {
          "path": "plugins\/imagetools\/plugin.min.js",
          "dir": false,
          "file": true,
          "perms": "0644",
          "size": 30930,
          "sha1": "c0c14313493d11e80712b20d5b0696a517567b29"
        },
        {
          "path": "plugins\/code",
          "dir": true,
          "file": false,
          "perms": "0755",
          "size": 4096,
          "sha1": null
        },
        {
          "path": "plugins\/code\/plugin.min.js",
          "dir": false,
          "file": true,
          "perms": "0644",
          "size": 721,
          "sha1": "6ef45e5c18feb4c2406f8c7a28eae34d4ab1a053"
        },
        {
          "path": "plugins\/autolink",
          "dir": true,
          "file": false,
          "perms": "0755",
          "size": 4096,
          "sha1": null
        },
        {
          "path": "plugins\/autolink\/plugin.min.js",
          "dir": false,
          "file": true,
          "perms": "0644",
          "size": 1949,
          "sha1": "664ce0edb088631e0c76078a95e62d77ea05480b"
        },
        {
          "path": "plugins\/directionality",
          "dir": true,
          "file": false,
          "perms": "0755",
          "size": 4096,
          "sha1": null
        },
        {
          "path": "plugins\/directionality\/plugin.min.js",
          "dir": false,
          "file": true,
          "perms": "0644",
          "size": 726,
          "sha1": "26131f3f28f9f931e9ea0a8e5f1ef007706f3fc4"
        },
        {
          "path": "plugins\/lists",
          "dir": true,
          "file": false,
          "perms": "0755",
          "size": 4096,
          "sha1": null
        },
        {
          "path": "plugins\/lists\/plugin.min.js",
          "dir": false,
          "file": true,
          "perms": "0644",
          "size": 10090,
          "sha1": "a81fad4584faff1ef99f93bc056f8c202e10e1d6"
        },
        {
          "path": "plugins\/bbcode",
          "dir": true,
          "file": false,
          "perms": "0755",
          "size": 4096,
          "sha1": null
        },
        {
          "path": "plugins\/bbcode\/plugin.min.js",
          "dir": false,
          "file": true,
          "perms": "0644",
          "size": 3136,
          "sha1": "d63b09300b0ba54e29bfbef6790c626274b13905"
        },
        {
          "path": "plugins\/jbimages",
          "dir": true,
          "file": false,
          "perms": "0755",
          "size": 4096,
          "sha1": null
        },
        {
          "path": "plugins\/jbimages\/js",
          "dir": true,
          "file": false,
          "perms": "0755",
          "size": 4096,
          "sha1": null
        },
        {
          "path": "plugins\/jbimages\/js\/dialog-v4.js",
          "dir": false,
          "file": true,
          "perms": "0644",
          "size": 2884,
          "sha1": "b10566b932bcb72fa14836133fc611e4083dc69a"
        },
        {
          "path": "plugins\/jbimages\/plugin.min.js",
          "dir": false,
          "file": true,
          "perms": "0644",
          "size": 510,
          "sha1": "d2de2fa0be476dfadb571286cec77da10ac378b1"
        },
        {
          "path": "plugins\/jbimages\/plugin.js",
          "dir": false,
          "file": true,
          "perms": "0644",
          "size": 1041,
          "sha1": "0ff00f9e822109c9e82f57f2f23f7e85959b0cf3"
        },
        {
          "path": "plugins\/jbimages\/langs",
          "dir": true,
          "file": false,
          "perms": "0755",
          "size": 4096,
          "sha1": null
        },
        {
          "path": "plugins\/jbimages\/langs\/en_dlg.js",
          "dir": false,
          "file": true,
          "perms": "0644",
          "size": 844,
          "sha1": "b83ed3e3fa9833ee094669263193d84aff7789fd"
        },
        {
          "path": "plugins\/jbimages\/langs\/fr_dlg.js",
          "dir": false,
          "file": true,
          "perms": "0644",
          "size": 919,
          "sha1": "949959a95cdd8ad02d2751ffc5ac5d8f0887666b"
        },
        {
          "path": "plugins\/jbimages\/langs\/ru_dlg.js",
          "dir": false,
          "file": true,
          "perms": "0644",
          "size": 1729,
          "sha1": "2b0048afbadec6727e192f824e1c652bdd9d270a"
        },
        {
          "path": "plugins\/jbimages\/langs\/en.js",
          "dir": false,
          "file": true,
          "perms": "0644",
          "size": 392,
          "sha1": "11546c2cfbcae2ce525b841830d0b1a2020550be"
        },
        {
          "path": "plugins\/jbimages\/langs\/fr.js",
          "dir": false,
          "file": true,
          "perms": "0644",
          "size": 405,
          "sha1": "49ffd04736bd2b823df4ff137c6fffb715590e65"
        },
        {
          "path": "plugins\/jbimages\/langs\/ru.js",
          "dir": false,
          "file": true,
          "perms": "0644",
          "size": 518,
          "sha1": "8bad3b1541e665fafc2bbc6c23a8fe0bc6fda494"
        },
        {
          "path": "plugins\/jbimages\/css",
          "dir": true,
          "file": false,
          "perms": "0755",
          "size": 4096,
          "sha1": null
        },
        {
          "path": "plugins\/jbimages\/css\/dialog-v4.css",
          "dir": false,
          "file": true,
          "perms": "0644",
          "size": 1293,
          "sha1": "ca236735a6b34a59eeca6317c5e248a7e65a884e"
        },
        {
          "path": "plugins\/jbimages\/dialog-v4.htm",
          "dir": false,
          "file": true,
          "perms": "0644",
          "size": 1052,
          "sha1": "8f8734e8bfe9bcb9f3d9e18f684093d6b5dc5c43"
        },
        {
          "path": "plugins\/jbimages\/readme",
          "dir": false,
          "file": true,
          "perms": "0644",
          "size": 148,
          "sha1": "79218cc6cb587428d47027bdb7418956bf835a08"
        },
        {
          "path": "plugins\/jbimages\/img",
          "dir": true,
          "file": false,
          "perms": "0755",
          "size": 4096,
          "sha1": null
        },
        {
          "path": "plugins\/jbimages\/img\/jbimages-bw.gif",
          "dir": false,
          "file": true,
          "perms": "0644",
          "size": 230,
          "sha1": "b9972a025171def502ad5257c2887f81628ee647"
        },
        {
          "path": "plugins\/jbimages\/img\/spinner.gif",
          "dir": false,
          "file": true,
          "perms": "0644",
          "size": 1737,
          "sha1": "de22d9c8f0b04f3a1a0935d7e70041d4e5750e61"
        },
        {
          "path": "plugins\/toc",
          "dir": true,
          "file": false,
          "perms": "0755",
          "size": 4096,
          "sha1": null
        },
        {
          "path": "plugins\/toc\/plugin.min.js",
          "dir": false,
          "file": true,
          "perms": "0644",
          "size": 2672,
          "sha1": "b33c30f2961c24df27d44378c530d14bd600878f"
        },
        {
          "path": "plugins\/colorpicker",
          "dir": true,
          "file": false,
          "perms": "0755",
          "size": 4096,
          "sha1": null
        },
        {
          "path": "plugins\/colorpicker\/plugin.min.js",
          "dir": false,
          "file": true,
          "perms": "0644",
          "size": 1222,
          "sha1": "e686620051b5d7f533ab6f813063ac604d9d262e"
        },
        {
          "path": "plugins\/insertdatetime",
          "dir": true,
          "file": false,
          "perms": "0755",
          "size": 4096,
          "sha1": null
        },
        {
          "path": "plugins\/insertdatetime\/plugin.min.js",
          "dir": false,
          "file": true,
          "perms": "0644",
          "size": 1971,
          "sha1": "fe461247129cdba47500ae7e367e0773fb7faaba"
        },
        {
          "path": "plugins\/preview",
          "dir": true,
          "file": false,
          "perms": "0755",
          "size": 4096,
          "sha1": null
        },
        {
          "path": "plugins\/preview\/plugin.min.js",
          "dir": false,
          "file": true,
          "perms": "0644",
          "size": 1602,
          "sha1": "29e34f03e7c968e309f5a2c0ae4561e8d3a7c23f"
        },
        {
          "path": "plugins\/emoticons",
          "dir": true,
          "file": false,
          "perms": "0755",
          "size": 4096,
          "sha1": null
        },
        {
          "path": "plugins\/emoticons\/plugin.min.js",
          "dir": false,
          "file": true,
          "perms": "0644",
          "size": 911,
          "sha1": "b9769dd1dbb31f3a676c262d8f34cfdaabdac21c"
        },
        {
          "path": "plugins\/emoticons\/img",
          "dir": true,
          "file": false,
          "perms": "0755",
          "size": 4096,
          "sha1": null
        },
        {
          "path": "plugins\/emoticons\/img\/smiley-frown.gif",
          "dir": false,
          "file": true,
          "perms": "0644",
          "size": 340,
          "sha1": "33c37ae10d06d87deec51785c80f818d153c06b0"
        },
        {
          "path": "plugins\/emoticons\/img\/smiley-embarassed.gif",
          "dir": false,
          "file": true,
          "perms": "0644",
          "size": 331,
          "sha1": "514fe86c52e7334abbeb8f7791e73b4352f57851"
        },
        {
          "path": "plugins\/emoticons\/img\/smiley-laughing.gif",
          "dir": false,
          "file": true,
          "perms": "0644",
          "size": 343,
          "sha1": "e17b03304237dc4dea25e044e9cbb771b83ab26b"
        },
        {
          "path": "plugins\/emoticons\/img\/smiley-tongue-out.gif",
          "dir": false,
          "file": true,
          "perms": "0644",
          "size": 328,
          "sha1": "2f7c418bd798060ec211349f7b89a88a5f20c2f1"
        },
        {
          "path": "plugins\/emoticons\/img\/smiley-foot-in-mouth.gif",
          "dir": false,
          "file": true,
          "perms": "0644",
          "size": 342,
          "sha1": "9fab159b0e7f25cda8a95b54f2cf8e7ec2af1841"
        },
        {
          "path": "plugins\/emoticons\/img\/smiley-cool.gif",
          "dir": false,
          "file": true,
          "perms": "0644",
          "size": 354,
          "sha1": "e0d8fff0141e190d1a9b1b17c2aa19f42ef6b1a5"
        },
        {
          "path": "plugins\/emoticons\/img\/smiley-surprised.gif",
          "dir": false,
          "file": true,
          "perms": "0644",
          "size": 338,
          "sha1": "4cb67dcbd32bb939e6f97b3f7fa3318c4c35fd3e"
        },
        {
          "path": "plugins\/emoticons\/img\/smiley-money-mouth.gif",
          "dir": false,
          "file": true,
          "perms": "0644",
          "size": 321,
          "sha1": "aa6d158a4e1767d3b981c95bae20bf9d2d623c8b"
        },
        {
          "path": "plugins\/emoticons\/img\/smiley-undecided.gif",
          "dir": false,
          "file": true,
          "perms": "0644",
          "size": 337,
          "sha1": "db75f18c34a24ddc39850fa8cdb515241353a4bd"
        },
        {
          "path": "plugins\/emoticons\/img\/smiley-innocent.gif",
          "dir": false,
          "file": true,
          "perms": "0644",
          "size": 336,
          "sha1": "bfd4d17c9fb8fe0b5e2103df9e8981c3888c4c1a"
        },
        {
          "path": "plugins\/emoticons\/img\/smiley-kiss.gif",
          "dir": false,
          "file": true,
          "perms": "0644",
          "size": 338,
          "sha1": "c03faf64c2b9a7b2b9d1f8c63beeb9f96d52bce4"
        },
        {
          "path": "plugins\/emoticons\/img\/smiley-sealed.gif",
          "dir": false,
          "file": true,
          "perms": "0644",
          "size": 323,
          "sha1": "f69b3b5b1e1e2eae12a7e40d2e883b3271074302"
        },
        {
          "path": "plugins\/emoticons\/img\/smiley-yell.gif",
          "dir": false,
          "file": true,
          "perms": "0644",
          "size": 336,
          "sha1": "7ac8d3481c307185a103e73ee59dda2654717c01"
        },
        {
          "path": "plugins\/emoticons\/img\/smiley-wink.gif",
          "dir": false,
          "file": true,
          "perms": "0644",
          "size": 350,
          "sha1": "127d363345a2f9734d7d103e9b32897729794420"
        },
        {
          "path": "plugins\/emoticons\/img\/smiley-smile.gif",
          "dir": false,
          "file": true,
          "perms": "0644",
          "size": 344,
          "sha1": "032840c8e5fd62094307c3fa76b2f5677e3e65e7"
        },
        {
          "path": "plugins\/emoticons\/img\/smiley-cry.gif",
          "dir": false,
          "file": true,
          "perms": "0644",
          "size": 329,
          "sha1": "e49d26bb2132650fd44438131e94756129161ac7"
        },
        {
          "path": "plugins\/textpattern",
          "dir": true,
          "file": false,
          "perms": "0755",
          "size": 4096,
          "sha1": null
        },
        {
          "path": "plugins\/textpattern\/plugin.min.js",
          "dir": false,
          "file": true,
          "perms": "0644",
          "size": 2745,
          "sha1": "e17104d6073e0f216f2bb24e81c7afd561bdd24a"
        },
        {
          "path": "plugins\/autosave",
          "dir": true,
          "file": false,
          "perms": "0755",
          "size": 4096,
          "sha1": null
        },
        {
          "path": "plugins\/autosave\/plugin.min.js",
          "dir": false,
          "file": true,
          "perms": "0644",
          "size": 2187,
          "sha1": "eb23bed423e855812778ce74ddfe5e7df98f226b"
        },
        {
          "path": "plugins\/contextmenu",
          "dir": true,
          "file": false,
          "perms": "0755",
          "size": 4096,
          "sha1": null
        },
        {
          "path": "plugins\/contextmenu\/plugin.min.js",
          "dir": false,
          "file": true,
          "perms": "0644",
          "size": 1131,
          "sha1": "366596e2f78e17d338e14f59f539325769803369"
        },
        {
          "path": "plugins\/media",
          "dir": true,
          "file": false,
          "perms": "0755",
          "size": 4096,
          "sha1": null
        },
        {
          "path": "plugins\/media\/plugin.min.js",
          "dir": false,
          "file": true,
          "perms": "0644",
          "size": 14999,
          "sha1": "b18d80ce62be3589642624143f91ab670df4c429"
        },
        {
          "path": "plugins\/hr",
          "dir": true,
          "file": false,
          "perms": "0755",
          "size": 4096,
          "sha1": null
        },
        {
          "path": "plugins\/hr\/plugin.min.js",
          "dir": false,
          "file": true,
          "perms": "0644",
          "size": 322,
          "sha1": "6a305889f4b3e54a46d82c37d1e782bebc78185a"
        },
        {
          "path": "plugins\/noneditable",
          "dir": true,
          "file": false,
          "perms": "0755",
          "size": 4096,
          "sha1": null
        },
        {
          "path": "plugins\/noneditable\/plugin.min.js",
          "dir": false,
          "file": true,
          "perms": "0644",
          "size": 1270,
          "sha1": "6e82517d8c02d9cc3512683cec2fea29023b7c4b"
        },
        {
          "path": "plugins\/save",
          "dir": true,
          "file": false,
          "perms": "0755",
          "size": 4096,
          "sha1": null
        },
        {
          "path": "plugins\/save\/plugin.min.js",
          "dir": false,
          "file": true,
          "perms": "0644",
          "size": 1150,
          "sha1": "4cb72dd9b94ee8bece7099d297d4b08b96ee5b2e"
        },
        {
          "path": "plugins\/print",
          "dir": true,
          "file": false,
          "perms": "0755",
          "size": 4096,
          "sha1": null
        },
        {
          "path": "plugins\/print\/plugin.min.js",
          "dir": false,
          "file": true,
          "perms": "0644",
          "size": 293,
          "sha1": "1db19d22d314262fdf31ce0b835e1f24c37eec0a"
        },
        {
          "path": "plugins\/fullscreen",
          "dir": true,
          "file": false,
          "perms": "0755",
          "size": 4096,
          "sha1": null
        },
        {
          "path": "plugins\/fullscreen\/plugin.min.js",
          "dir": false,
          "file": true,
          "perms": "0644",
          "size": 1675,
          "sha1": "f57af0afe5a925f3d42c4926679ab1856b468650"
        },
        {
          "path": "langs",
          "dir": true,
          "file": false,
          "perms": "0755",
          "size": 4096,
          "sha1": null
        },
        {
          "path": "langs\/zh_CN.js",
          "dir": false,
          "file": true,
          "perms": "0644",
          "size": 7266,
          "sha1": "ad50184bca70897af60e6228cd7f5a749a614efd"
        },
        {
          "path": "langs\/tr_TR.js",
          "dir": false,
          "file": true,
          "perms": "0644",
          "size": 6917,
          "sha1": "a9f93fbe70079700374ffbd42d523c20371eb6dc"
        },
        {
          "path": "langs\/pt_PT.js",
          "dir": false,
          "file": true,
          "perms": "0644",
          "size": 6424,
          "sha1": "da99f1c39d25421d7ff67bb8cc83468a5be620af"
        },
        {
          "path": "langs\/de.js",
          "dir": false,
          "file": true,
          "perms": "0644",
          "size": 6528,
          "sha1": "a116e10c2925c8b17885c93a03d59e65ddbbc821"
        },
        {
          "path": "langs\/uk_UA.js",
          "dir": false,
          "file": true,
          "perms": "0644",
          "size": 16721,
          "sha1": "64e196b41d13084f633c1a17b9e692806287a41a"
        },
        {
          "path": "langs\/ta_IN.js",
          "dir": false,
          "file": true,
          "perms": "0644",
          "size": 18168,
          "sha1": "7c28acc6806778be76e26a38c0b0ae8e328bd6e4"
        },
        {
          "path": "langs\/hu_HU.js",
          "dir": false,
          "file": true,
          "perms": "0644",
          "size": 7397,
          "sha1": "c0df2d42efd45b3b31223b81456bdf5fc7ea0770"
        },
        {
          "path": "langs\/ka_GE.js",
          "dir": false,
          "file": true,
          "perms": "0644",
          "size": 16543,
          "sha1": "aacdcd2fda64bab2d13ba497255ca49427642761"
        },
        {
          "path": "langs\/fo.js",
          "dir": false,
          "file": true,
          "perms": "0644",
          "size": 5584,
          "sha1": "61b76dfd1648a357774a22a4840b13d848f29b81"
        },
        {
          "path": "langs\/hr.js",
          "dir": false,
          "file": true,
          "perms": "0644",
          "size": 6025,
          "sha1": "437c5dcc06fc5948f81ec8051bb7ba48bc86f641"
        },
        {
          "path": "langs\/fa.js",
          "dir": false,
          "file": true,
          "perms": "0644",
          "size": 15011,
          "sha1": "e975b74a5dc2a3437fc197ea01eed63708e6a6e7"
        },
        {
          "path": "langs\/readme.md",
          "dir": false,
          "file": true,
          "perms": "0644",
          "size": 151,
          "sha1": "e45be9a51f34a1d447659fc423f7fec721ee1e8a"
        },
        {
          "path": "langs\/fi.js",
          "dir": false,
          "file": true,
          "perms": "0644",
          "size": 6386,
          "sha1": "e4a92f7ab4d7980b26e41c8a06af692d6805a23c"
        },
        {
          "path": "langs\/et.js",
          "dir": false,
          "file": true,
          "perms": "0644",
          "size": 6078,
          "sha1": "705cc049a85b3532bc150b201a9f8db94450c8ee"
        },
        {
          "path": "langs\/gl.js",
          "dir": false,
          "file": true,
          "perms": "0644",
          "size": 5443,
          "sha1": "96e835816ed72ff01b22b07c6d2420cef307f3ef"
        },
        {
          "path": "langs\/pl.js",
          "dir": false,
          "file": true,
          "perms": "0644",
          "size": 6361,
          "sha1": "4668eb63aaf88e732c40b6736a07a4588c261748"
        },
        {
          "path": "langs\/lv.js",
          "dir": false,
          "file": true,
          "perms": "0644",
          "size": 7020,
          "sha1": "187ab78f661afb00ce3deb9009fa37f0de95a052"
        },
        {
          "path": "langs\/es.js",
          "dir": false,
          "file": true,
          "perms": "0644",
          "size": 6109,
          "sha1": "aed8fdc7123a7d404d9b9ce1cb63d1c6fb1ce83b"
        },
        {
          "path": "langs\/he_IL.js",
          "dir": false,
          "file": true,
          "perms": "0644",
          "size": 12725,
          "sha1": "33e285de57eebcb24123b9fe862d80bfabd585a1"
        },
        {
          "path": "langs\/ar.js",
          "dir": false,
          "file": true,
          "perms": "0644",
          "size": 12070,
          "sha1": "49de087988aa6f7676fa048d46fcded9b7f7243a"
        },
        {
          "path": "langs\/sv_SE.js",
          "dir": false,
          "file": true,
          "perms": "0644",
          "size": 5988,
          "sha1": "b08e01953a34c55dc07127a9df64652cd451096b"
        },
        {
          "path": "langs\/sl_SI.js",
          "dir": false,
          "file": true,
          "perms": "0644",
          "size": 6066,
          "sha1": "3b7d2ff5bf6306cd908e3e32bf16ffe7bb87b116"
        },
        {
          "path": "langs\/it.js",
          "dir": false,
          "file": true,
          "perms": "0644",
          "size": 5988,
          "sha1": "3fd0559d575d34c4ce8b71859d59e13df13dd852"
        },
        {
          "path": "langs\/ca.js",
          "dir": false,
          "file": true,
          "perms": "0644",
          "size": 6104,
          "sha1": "5c38142328a963596e7398cf49f2eb31a140f1ff"
        },
        {
          "path": "langs\/el.js",
          "dir": false,
          "file": true,
          "perms": "0644",
          "size": 18196,
          "sha1": "3994f4ad84ec59aa6984f91024fa6b2cc1679fd4"
        },
        {
          "path": "langs\/bg_BG.js",
          "dir": false,
          "file": true,
          "perms": "0644",
          "size": 19527,
          "sha1": "72f53a2dde567b553eed96237d1dff9ae4d0ac76"
        },
        {
          "path": "langs\/nb_NO.js",
          "dir": false,
          "file": true,
          "perms": "0644",
          "size": 5962,
          "sha1": "6d0c09d619a24e73e64c5441c5902188e8b845ba"
        },
        {
          "path": "langs\/id.js",
          "dir": false,
          "file": true,
          "perms": "0644",
          "size": 2296,
          "sha1": "5c22b312a6fccf5863c9c9c49dc3768a01a4c4b1"
        },
        {
          "path": "langs\/bs.js",
          "dir": false,
          "file": true,
          "perms": "0644",
          "size": 6010,
          "sha1": "7fa4fc82f105ee4de2da3410097fa73ca7eadc01"
        },
        {
          "path": "langs\/tg.js",
          "dir": false,
          "file": true,
          "perms": "0644",
          "size": 16377,
          "sha1": "37bd23b32f28299a9bd08d5639ed23131d86c7a7"
        },
        {
          "path": "langs\/lb.js",
          "dir": false,
          "file": true,
          "perms": "0644",
          "size": 6323,
          "sha1": "5b9e4985ef1bf5f9107d36042894b493ec701a7c"
        },
        {
          "path": "langs\/ja.js",
          "dir": false,
          "file": true,
          "perms": "0644",
          "size": 9807,
          "sha1": "a8a1c72bfe617174439e2f29a9a11bdb9082e778"
        },
        {
          "path": "langs\/pt_BR.js",
          "dir": false,
          "file": true,
          "perms": "0644",
          "size": 6409,
          "sha1": "3eb747bb64bf8246d17582aa5e6d30b01ba49137"
        },
        {
          "path": "langs\/cy.js",
          "dir": false,
          "file": true,
          "perms": "0644",
          "size": 5684,
          "sha1": "5751c228672ac40ac647c02d9aafc695eae856e7"
        },
        {
          "path": "langs\/si_LK.js",
          "dir": false,
          "file": true,
          "perms": "0644",
          "size": 14743,
          "sha1": "6c23f1ed7b13fb6505d371d71bb72ed3ffa64473"
        },
        {
          "path": "langs\/ug.js",
          "dir": false,
          "file": true,
          "perms": "0644",
          "size": 14249,
          "sha1": "b4f20f373ad4cf739fd40871085755674612f608"
        },
        {
          "path": "langs\/zh_TW.js",
          "dir": false,
          "file": true,
          "perms": "0644",
          "size": 7504,
          "sha1": "a98d21f742d89e897aec2827fcd3ebfe3eaae698"
        },
        {
          "path": "langs\/ro.js",
          "dir": false,
          "file": true,
          "perms": "0644",
          "size": 6565,
          "sha1": "749d684f81b015abc64f128bdd27becebb52d60b"
        },
        {
          "path": "langs\/vi.js",
          "dir": false,
          "file": true,
          "perms": "0644",
          "size": 6109,
          "sha1": "5f6d8a019591810615924ecdab2abce9cc1ca9a4"
        },
        {
          "path": "langs\/eu.js",
          "dir": false,
          "file": true,
          "perms": "0644",
          "size": 5932,
          "sha1": "7148b17423a88c98740f2eac3a6e2b0dda697090"
        },
        {
          "path": "langs\/th_TH.js",
          "dir": false,
          "file": true,
          "perms": "0644",
          "size": 14929,
          "sha1": "4072bcc69b07ad5e3ede37a53f10d9d7d2f3e343"
        },
        {
          "path": "langs\/fr_FR.js",
          "dir": false,
          "file": true,
          "perms": "0644",
          "size": 6400,
          "sha1": "f71e20b2c0a6613d2c128d0fa30a9a85a0b36353"
        },
        {
          "path": "langs\/sr.js",
          "dir": false,
          "file": true,
          "perms": "0644",
          "size": 5880,
          "sha1": "e79dfc270cb9617bee1196a2e8b4b95042c79767"
        },
        {
          "path": "langs\/da.js",
          "dir": false,
          "file": true,
          "perms": "0644",
          "size": 5741,
          "sha1": "92db9ca0d9bb67ad693ed1400eb64415b68ae1ad"
        },
        {
          "path": "langs\/hy.js",
          "dir": false,
          "file": true,
          "perms": "0644",
          "size": 17872,
          "sha1": "1b92246af37e886d2998dbfe81b8775517f82bd5"
        },
        {
          "path": "langs\/lt.js",
          "dir": false,
          "file": true,
          "perms": "0644",
          "size": 3085,
          "sha1": "d36510d466371a309276285d940d897359826794"
        },
        {
          "path": "langs\/cs.js",
          "dir": false,
          "file": true,
          "perms": "0644",
          "size": 7055,
          "sha1": "acf5616d8222a7a8ab16f4d6aba28ef051c203e1"
        },
        {
          "path": "langs\/ta.js",
          "dir": false,
          "file": true,
          "perms": "0644",
          "size": 18165,
          "sha1": "520a5aa2f1c6f66226312fb279a37bd6d10f6cec"
        },
        {
          "path": "langs\/ru.js",
          "dir": false,
          "file": true,
          "perms": "0644",
          "size": 17812,
          "sha1": "7ffe4b915d366f9bbc4902110ef86462663b8a23"
        },
        {
          "path": "langs\/nl.js",
          "dir": false,
          "file": true,
          "perms": "0644",
          "size": 5757,
          "sha1": "5de1d4611affea04c34ddb274c8563f04101b95f"
        },
        {
          "path": "langs\/de_AT.js",
          "dir": false,
          "file": true,
          "perms": "0644",
          "size": 5750,
          "sha1": "d1aafcd0d861aa198d564fc7831a635a551496c8"
        },
        {
          "path": "langs\/uk.js",
          "dir": false,
          "file": true,
          "perms": "0644",
          "size": 16513,
          "sha1": "bd150cde026b210baa7b9633c83af75ec9004c33"
        },
        {
          "path": "langs\/sk.js",
          "dir": false,
          "file": true,
          "perms": "0644",
          "size": 7169,
          "sha1": "804958b1479bb792f279584c9ed9da457677b258"
        },
        {
          "path": "langs\/ko_KR.js",
          "dir": false,
          "file": true,
          "perms": "0644",
          "size": 7843,
          "sha1": "4eb6d71122bc585d61e7bb0afaf190f43f16fb86"
        },
        {
          "path": "langs\/vi_VN.js",
          "dir": false,
          "file": true,
          "perms": "0644",
          "size": 7568,
          "sha1": "38579de45e593e8381178614bc3c41d4615cf0fb"
        },
        {
          "path": "skins",
          "dir": true,
          "file": false,
          "perms": "0755",
          "size": 4096,
          "sha1": null
        },
        {
          "path": "skins\/lightgray",
          "dir": true,
          "file": false,
          "perms": "0755",
          "size": 4096,
          "sha1": null
        },
        {
          "path": "skins\/lightgray\/fonts",
          "dir": true,
          "file": false,
          "perms": "0755",
          "size": 4096,
          "sha1": null
        },
        {
          "path": "skins\/lightgray\/fonts\/tinymce.eot",
          "dir": false,
          "file": true,
          "perms": "0644",
          "size": 17572,
          "sha1": "08084dedac98a6a46f1c1cdd6fd75fac8de9d026"
        },
        {
          "path": "skins\/lightgray\/fonts\/tinymce.ttf",
          "dir": false,
          "file": true,
          "perms": "0644",
          "size": 17408,
          "sha1": "0cbd6e7b8d6088f2aa2bc45eb1a83a1075e764d4"
        },
        {
          "path": "skins\/lightgray\/fonts\/tinymce.svg",
          "dir": false,
          "file": true,
          "perms": "0644",
          "size": 45991,
          "sha1": "1f35829543ad6404c0c677c34c521ee01ff4459b"
        },
        {
          "path": "skins\/lightgray\/fonts\/tinymce-small.eot",
          "dir": false,
          "file": true,
          "perms": "0644",
          "size": 9492,
          "sha1": "9092371fe1487289f1f5244637bace4de1bceed1"
        },
        {
          "path": "skins\/lightgray\/fonts\/tinymce-small.ttf",
          "dir": false,
          "file": true,
          "perms": "0644",
          "size": 9304,
          "sha1": "65ad98649eb5051746bb48c60529cabc927b67a2"
        },
        {
          "path": "skins\/lightgray\/fonts\/tinymce-small.svg",
          "dir": false,
          "file": true,
          "perms": "0644",
          "size": 24727,
          "sha1": "8104b7171bd50e7e0a61ac4825c34d87a09622a8"
        },
        {
          "path": "skins\/lightgray\/fonts\/tinymce.woff",
          "dir": false,
          "file": true,
          "perms": "0644",
          "size": 17484,
          "sha1": "3b120d1161795c9a31f769cf567fb576354e95d8"
        },
        {
          "path": "skins\/lightgray\/fonts\/tinymce-small.woff",
          "dir": false,
          "file": true,
          "perms": "0644",
          "size": 9380,
          "sha1": "b35be779df340fe3336a5619165e965fb1b09970"
        },
        {
          "path": "skins\/lightgray\/content.inline.min.css",
          "dir": false,
          "file": true,
          "perms": "0644",
          "size": 2769,
          "sha1": "9f9bc45005aa2042576f6c48dfbe05e900097d0e"
        },
        {
          "path": "skins\/lightgray\/skin.ie7.min.css",
          "dir": false,
          "file": true,
          "perms": "0644",
          "size": 34904,
          "sha1": "151c9f57ee50438445bef42246880514e31c54a1"
        },
        {
          "path": "skins\/lightgray\/skin.min.css",
          "dir": false,
          "file": true,
          "perms": "0644",
          "size": 38232,
          "sha1": "4eb49b48fd530a25556c91dba5e3d2ad97f6a1da"
        },
        {
          "path": "skins\/lightgray\/content.min.css",
          "dir": false,
          "file": true,
          "perms": "0644",
          "size": 3193,
          "sha1": "763763ed9d801e089ed8d03bc3a0ef1242221014"
        },
        {
          "path": "skins\/lightgray\/img",
          "dir": true,
          "file": false,
          "perms": "0755",
          "size": 4096,
          "sha1": null
        },
        {
          "path": "skins\/lightgray\/img\/loader.gif",
          "dir": false,
          "file": true,
          "perms": "0644",
          "size": 2608,
          "sha1": "5640ea4d0eba1c390f587ec69463c9a5196b7fa2"
        },
        {
          "path": "skins\/lightgray\/img\/anchor.gif",
          "dir": false,
          "file": true,
          "perms": "0644",
          "size": 53,
          "sha1": "94f8e44b364eb00e6f691f92dc069fd64b17fc61"
        },
        {
          "path": "skins\/lightgray\/img\/trans.gif",
          "dir": false,
          "file": true,
          "perms": "0644",
          "size": 43,
          "sha1": "67a69b5842050a142e050eb3b08a59e03e7fa71b"
        },
        {
          "path": "skins\/lightgray\/img\/object.gif",
          "dir": false,
          "file": true,
          "perms": "0644",
          "size": 152,
          "sha1": "b523c9f648e2ae1c4ba7bde7739203bc6997755f"
        }
      ]
    }
  }
}