{
  "type": "external",
  "name": "swfobject",
  "version": "4.9.1",
  "revision": "9747",
  "path": "externals\/swfobject",
  "repository": null,
  "date": "Wed, 26 Apr 2017 15:50:15 +0000",
  "title": "Swfobject",
  "description": null,
  "thumb": null,
  "developer": null,
  "authors": [
    "Webligo Developments"
  ],
  "meta": {
    "date": "Wed, 26 Apr 2017 15:50:15 +0000",
    "title": "Swfobject",
    "description": null,
    "developer": null,
    "authors": [
      "Webligo Developments"
    ],
    "changeLog": null
  },
  "actions": [
    
  ],
  "callback": null,
  "dependencies": null,
  "tests": [
    
  ],
  "permissions": [
    
  ],
  "structure": {
    "externals\/swfobject": {
      "type": "directory",
      "path": "externals\/swfobject",
      "structure": [
        {
          "path": "swfobject.js",
          "dir": false,
          "file": true,
          "perms": "0644",
          "size": 10220,
          "sha1": "5847ed101f55d51c53538a7078971e7de8fb6762"
        },
        {
          "path": "expressInstall.swf",
          "dir": false,
          "file": true,
          "perms": "0644",
          "size": 727,
          "sha1": "1c12004633e89d6de3bbe4a190093a537bdecebe"
        },
        {
          "path": "manifest.php",
          "dir": false,
          "file": true,
          "perms": "0644",
          "size": 376,
          "sha1": "9ad550daefe476ac83b727fe7cc44e6954320c6f"
        }
      ]
    }
  }
}