{
  "type": "external",
  "name": "musicbox-font",
  "version": "4.9.1",
  "revision": "9729",
  "path": "externals\/musicbox-font",
  "repository": null,
  "date": "Wed, 26 Apr 2017 15:50:15 +0000",
  "title": "Musicbox Font",
  "description": null,
  "thumb": null,
  "developer": null,
  "authors": [
    "Webligo Developments"
  ],
  "meta": {
    "date": "Wed, 26 Apr 2017 15:50:15 +0000",
    "title": "Musicbox Font",
    "description": null,
    "developer": null,
    "authors": [
      "Webligo Developments"
    ],
    "changeLog": null
  },
  "actions": [
    "install",
    "upgrade",
    "refresh"
  ],
  "callback": null,
  "dependencies": null,
  "tests": [
    
  ],
  "permissions": [
    
  ],
  "structure": {
    "externals\/musicbox-font": {
      "type": "directory",
      "path": "externals\/musicbox-font",
      "structure": [
        {
          "path": "manifest.php",
          "dir": false,
          "file": true,
          "perms": "0644",
          "size": 530,
          "sha1": "86d057c55c1f3a7881a83312b628cadcbf569900"
        },
        {
          "path": "font.css",
          "dir": false,
          "file": true,
          "perms": "0644",
          "size": 59,
          "sha1": "23df4b0935b50c7b03493479a844bc4236764332"
        }
      ]
    }
  }
}