{
  "type": "external",
  "name": "moolasso",
  "version": "4.9.1",
  "revision": "9747",
  "path": "externals\/moolasso",
  "repository": null,
  "date": "Wed, 26 Apr 2017 15:50:15 +0000",
  "title": "Moolasso",
  "description": null,
  "thumb": null,
  "developer": null,
  "authors": [
    "Webligo Developments"
  ],
  "meta": {
    "date": "Wed, 26 Apr 2017 15:50:15 +0000",
    "title": "Moolasso",
    "description": null,
    "developer": null,
    "authors": [
      "Webligo Developments"
    ],
    "changeLog": null
  },
  "actions": [
    
  ],
  "callback": null,
  "dependencies": null,
  "tests": [
    
  ],
  "permissions": [
    
  ],
  "structure": {
    "externals\/moolasso": {
      "type": "directory",
      "path": "externals\/moolasso",
      "structure": [
        {
          "path": "manifest.php",
          "dir": false,
          "file": true,
          "perms": "0644",
          "size": 373,
          "sha1": "26fb45a845122f0f174ca161e3b77f1315003f5f"
        },
        {
          "path": "Lasso.js",
          "dir": false,
          "file": true,
          "perms": "0644",
          "size": 7878,
          "sha1": "5a6aec05bee3de4faad51a201c394eff81ce39ad"
        },
        {
          "path": "crop.gif",
          "dir": false,
          "file": true,
          "perms": "0644",
          "size": 329,
          "sha1": "85a5c30dfd9be9f09412b7d4c24b050f8c6fa756"
        },
        {
          "path": "Lasso.Crop.js",
          "dir": false,
          "file": true,
          "perms": "0644",
          "size": 10191,
          "sha1": "a747ad7dfb6db5781d9ae58b696386639025d73b"
        }
      ]
    }
  }
}