{
  "type": "external",
  "name": "chootools",
  "version": "4.9.1",
  "revision": "9747",
  "path": "externals\/chootools",
  "repository": null,
  "date": "Wed, 26 Apr 2017 15:50:15 +0000",
  "title": "Chootools",
  "description": null,
  "thumb": null,
  "developer": null,
  "authors": [
    "Webligo Developments"
  ],
  "meta": {
    "date": "Wed, 26 Apr 2017 15:50:15 +0000",
    "title": "Chootools",
    "description": null,
    "developer": null,
    "authors": [
      "Webligo Developments"
    ],
    "changeLog": null
  },
  "actions": [
    
  ],
  "callback": null,
  "dependencies": null,
  "tests": [
    
  ],
  "permissions": [
    
  ],
  "structure": {
    "externals\/chootools": {
      "type": "directory",
      "path": "externals\/chootools",
      "structure": [
        {
          "path": "manifest.php",
          "dir": false,
          "file": true,
          "perms": "0644",
          "size": 434,
          "sha1": "fa8454985adb81d050cc130e4960b04ff55d32ba"
        },
        {
          "path": "chootools.js",
          "dir": false,
          "file": true,
          "perms": "0644",
          "size": 30490,
          "sha1": "cbcd9124fc3744a0f7bb716abbd95bba058a7709"
        }
      ]
    }
  }
}