{
  "type": "external",
  "name": "firebug",
  "version": "4.9.1",
  "revision": "9747",
  "path": "externals\/firebug",
  "repository": null,
  "date": "Wed, 26 Apr 2017 15:50:15 +0000",
  "title": "Firebug Lite",
  "description": null,
  "thumb": null,
  "developer": null,
  "authors": [
    "Webligo Developments"
  ],
  "meta": {
    "date": "Wed, 26 Apr 2017 15:50:15 +0000",
    "title": "Firebug Lite",
    "description": null,
    "developer": null,
    "authors": [
      "Webligo Developments"
    ],
    "changeLog": null
  },
  "actions": [
    
  ],
  "callback": null,
  "dependencies": null,
  "tests": [
    
  ],
  "permissions": [
    
  ],
  "structure": {
    "externals\/firebug": {
      "type": "directory",
      "path": "externals\/firebug",
      "structure": [
        {
          "path": "manifest.php",
          "dir": false,
          "file": true,
          "perms": "0644",
          "size": 373,
          "sha1": "943dfeaff18420e297656b42254143b7eb162b05"
        },
        {
          "path": "firebug-lite-compressed.js",
          "dir": false,
          "file": true,
          "perms": "0644",
          "size": 78704,
          "sha1": "09b6f73ca74a41f31580441d7f7633ff6753259d"
        }
      ]
    }
  }
}