{
  "type": "external",
  "name": "calendar",
  "version": "4.9.1",
  "revision": "9747",
  "path": "externals\/calendar",
  "repository": null,
  "date": "Wed, 26 Apr 2017 15:50:15 +0000",
  "title": "Calendar",
  "description": null,
  "thumb": null,
  "developer": null,
  "authors": [
    "Webligo Developments"
  ],
  "meta": {
    "date": "Wed, 26 Apr 2017 15:50:15 +0000",
    "title": "Calendar",
    "description": null,
    "developer": null,
    "authors": [
      "Webligo Developments"
    ],
    "changeLog": null
  },
  "actions": [
    
  ],
  "callback": null,
  "dependencies": null,
  "tests": [
    
  ],
  "permissions": [
    
  ],
  "structure": {
    "externals\/calendar": {
      "type": "directory",
      "path": "externals\/calendar",
      "structure": [
        {
          "path": "styles.css",
          "dir": false,
          "file": true,
          "perms": "0644",
          "size": 4386,
          "sha1": "9a211f654022c3db2f69b75d686139cc8c0a8f2b"
        },
        {
          "path": "manifest.php",
          "dir": false,
          "file": true,
          "perms": "0644",
          "size": 373,
          "sha1": "c2f13a6951b4e89a7bd310a00c7dd612ed2bf43e"
        },
        {
          "path": "calendar.compat.js",
          "dir": false,
          "file": true,
          "perms": "0644",
          "size": 35063,
          "sha1": "f3952138be90c7b825c8900a6a1c69f94fc9ceea"
        },
        {
          "path": "images",
          "dir": true,
          "file": false,
          "perms": "0755",
          "size": 4096,
          "sha1": null
        },
        {
          "path": "images\/event_calendar_prev.png",
          "dir": false,
          "file": true,
          "perms": "0644",
          "size": 1088,
          "sha1": "663ce38bbbd4f2635524cab83a7fcd3e32375660"
        },
        {
          "path": "images\/event_calendar_inactive.gif",
          "dir": false,
          "file": true,
          "perms": "0644",
          "size": 378,
          "sha1": "c33cd987349df28311220972fb609f7b95f0c8eb"
        },
        {
          "path": "images\/event_calendar_bg.original.png",
          "dir": false,
          "file": true,
          "perms": "0644",
          "size": 11775,
          "sha1": "9e699de9b5ebb8a510f9f3180e19437afc436c87"
        },
        {
          "path": "images\/event_calendar_invalid.gif",
          "dir": false,
          "file": true,
          "perms": "0644",
          "size": 494,
          "sha1": "09a90bbcd716c8e8d4059216b81e4745358ecb91"
        },
        {
          "path": "images\/event_calendar_next.png",
          "dir": false,
          "file": true,
          "perms": "0644",
          "size": 1115,
          "sha1": "3d7582586e0f4ffb8a46670e663b0de347d34e68"
        },
        {
          "path": "images\/event_calendar_icon.gif",
          "dir": false,
          "file": true,
          "perms": "0644",
          "size": 546,
          "sha1": "472bfa10fe30c9f28bd2a870f8d45e5ea16d5664"
        },
        {
          "path": "images\/event_calendar_active.gif",
          "dir": false,
          "file": true,
          "perms": "0644",
          "size": 380,
          "sha1": "d2a7c1d5fa9c1b033f7dcc32131d051aae75c72c"
        },
        {
          "path": "images\/event_calendar_bg.png",
          "dir": false,
          "file": true,
          "perms": "0644",
          "size": 11162,
          "sha1": "c30351c84b067a43395946f09cce70d03cffcefa"
        }
      ]
    }
  }
}