{
  "type": "external",
  "name": "autocompleter",
  "version": "4.9.1",
  "revision": "10111",
  "path": "externals\/autocompleter",
  "repository": null,
  "date": "Wed, 26 Apr 2017 15:50:15 +0000",
  "title": "Autocompleter",
  "description": null,
  "thumb": null,
  "developer": null,
  "authors": [
    "Webligo Developments"
  ],
  "meta": {
    "date": "Wed, 26 Apr 2017 15:50:15 +0000",
    "title": "Autocompleter",
    "description": null,
    "developer": null,
    "authors": [
      "Webligo Developments"
    ],
    "changeLog": null
  },
  "actions": [
    
  ],
  "callback": null,
  "dependencies": null,
  "tests": [
    
  ],
  "permissions": [
    
  ],
  "structure": {
    "externals\/autocompleter": {
      "type": "directory",
      "path": "externals\/autocompleter",
      "structure": [
        {
          "path": "Autocompleter.min.js",
          "dir": false,
          "file": true,
          "perms": "0644",
          "size": 15462,
          "sha1": "1e3b9418921d0f8bbe45b8f3dd45a15b3bb273b5"
        },
        {
          "path": "manifest.php",
          "dir": false,
          "file": true,
          "perms": "0644",
          "size": 395,
          "sha1": "f12139c78c98736254eddda6b03d609e46109438"
        },
        {
          "path": "Autocompleter.js",
          "dir": false,
          "file": true,
          "perms": "0644",
          "size": 23734,
          "sha1": "49d1c5f0e1b9caa08ff2009bf6dc7dd4515b76be"
        },
        {
          "path": "Autocompleter.Request.js",
          "dir": false,
          "file": true,
          "perms": "0644",
          "size": 2622,
          "sha1": "fa8ac0058fc6d85a216e5ba172be17ba4acd43bd"
        },
        {
          "path": "Autocompleter.Local.js",
          "dir": false,
          "file": true,
          "perms": "0644",
          "size": 491,
          "sha1": "55fd971327e153e39450d77e102499115ee034a5"
        },
        {
          "path": "Observer.js",
          "dir": false,
          "file": true,
          "perms": "0644",
          "size": 1521,
          "sha1": "759e3dd2508c24ba9b65cfa9ffbe3af66cf34a78"
        }
      ]
    }
  }
}