{
  "type": "library",
  "name": "pear",
  "version": "4.9.1",
  "revision": "10150",
  "path": "application\/libraries\/PEAR",
  "repository": null,
  "date": "Wed, 26 Apr 2017 15:50:15 +0000",
  "title": "PEAR",
  "description": null,
  "thumb": null,
  "developer": null,
  "authors": [
    "Webligo Developments"
  ],
  "meta": {
    "date": "Wed, 26 Apr 2017 15:50:15 +0000",
    "title": "PEAR",
    "description": null,
    "developer": null,
    "authors": [
      "Webligo Developments"
    ],
    "changeLog": null
  },
  "actions": [
    
  ],
  "callback": null,
  "dependencies": null,
  "tests": [
    
  ],
  "permissions": [
    
  ],
  "structure": {
    "application\/libraries\/PEAR": {
      "type": "directory",
      "path": "application\/libraries\/PEAR",
      "structure": [
        {
          "path": "PEAR",
          "dir": true,
          "file": false,
          "perms": "0755",
          "size": 4096,
          "sha1": null
        },
        {
          "path": "PEAR\/Exception.php",
          "dir": false,
          "file": true,
          "perms": "0644",
          "size": 14006,
          "sha1": "fe68c58e5e9b186c04ba7f7b5676a65a895553a6"
        },
        {
          "path": "modified",
          "dir": false,
          "file": true,
          "perms": "0644",
          "size": 61,
          "sha1": "8060c6ba666fd51204a72040d9974cda7110fb4a"
        },
        {
          "path": "Net",
          "dir": true,
          "file": false,
          "perms": "0755",
          "size": 4096,
          "sha1": null
        },
        {
          "path": "Net\/URL2.php",
          "dir": false,
          "file": true,
          "perms": "0644",
          "size": 26159,
          "sha1": "d249eaaa50ceea3e1b8a6cc58da69e7c7629e56f"
        },
        {
          "path": "Net\/FTP",
          "dir": true,
          "file": false,
          "perms": "0755",
          "size": 4096,
          "sha1": null
        },
        {
          "path": "Net\/FTP\/Socket.php",
          "dir": false,
          "file": true,
          "perms": "0644",
          "size": 20966,
          "sha1": "63ea6d23c54f34b15523cf666366eec844f77210"
        },
        {
          "path": "Net\/FTP\/Observer.php",
          "dir": false,
          "file": true,
          "perms": "0644",
          "size": 3022,
          "sha1": "56ab0a6a85b39b381d43901c6722b5fbb5b51b0b"
        },
        {
          "path": "Net\/Socket.php",
          "dir": false,
          "file": true,
          "perms": "0644",
          "size": 18007,
          "sha1": "0e1b048210ba0eeb71b477fa514aa0f174d70ca6"
        },
        {
          "path": "Net\/GeoIP",
          "dir": true,
          "file": false,
          "perms": "0755",
          "size": 4096,
          "sha1": null
        },
        {
          "path": "Net\/GeoIP\/DMA.php",
          "dir": false,
          "file": true,
          "perms": "0644",
          "size": 11783,
          "sha1": "b4b8b13339fe5e0ff3505843ecdcf5c38def476a"
        },
        {
          "path": "Net\/GeoIP\/Location.php",
          "dir": false,
          "file": true,
          "perms": "0644",
          "size": 6319,
          "sha1": "b331c25470601e11db9cd63a65b340601f418cb4"
        },
        {
          "path": "Net\/FTP.php",
          "dir": false,
          "file": true,
          "perms": "0644",
          "size": 85038,
          "sha1": "cc841ef7d85111e1c26738303da599aa3f4b0fb3"
        },
        {
          "path": "Net\/URL.php",
          "dir": false,
          "file": true,
          "perms": "0644",
          "size": 15304,
          "sha1": "e85b9ba62f4b879c938eb7bdbd45adf43b78d775"
        },
        {
          "path": "Net\/GeoIP.php",
          "dir": false,
          "file": true,
          "perms": "0644",
          "size": 37534,
          "sha1": "3c62c8ee58e0a7465f7388501ed4c032586bbc39"
        },
        {
          "path": "PEAR.php",
          "dir": false,
          "file": true,
          "perms": "0644",
          "size": 35533,
          "sha1": "e507f1db653689e08fe029d2819c36bcc73b6128"
        },
        {
          "path": "File",
          "dir": true,
          "file": false,
          "perms": "0755",
          "size": 4096,
          "sha1": null
        },
        {
          "path": "File\/Archive",
          "dir": true,
          "file": false,
          "perms": "0755",
          "size": 4096,
          "sha1": null
        },
        {
          "path": "File\/Archive\/Predicate",
          "dir": true,
          "file": false,
          "perms": "0755",
          "size": 4096,
          "sha1": null
        },
        {
          "path": "File\/Archive\/Predicate\/MinTime.php",
          "dir": false,
          "file": true,
          "perms": "0644",
          "size": 2014,
          "sha1": "b1e320f36f7b0fa4ed6eef9cf84222534729bc76"
        },
        {
          "path": "File\/Archive\/Predicate\/True.php",
          "dir": false,
          "file": true,
          "perms": "0644",
          "size": 1479,
          "sha1": "0021b2f233b258b6c4fb65c6fc42756f5d303ae7"
        },
        {
          "path": "File\/Archive\/Predicate\/Extension.php",
          "dir": false,
          "file": true,
          "perms": "0644",
          "size": 2261,
          "sha1": "5a2391e1592e950834f99a31bfe475d0340e080e"
        },
        {
          "path": "File\/Archive\/Predicate\/And.php",
          "dir": false,
          "file": true,
          "perms": "0644",
          "size": 2517,
          "sha1": "415068d35e4db706298093483aad7eef6c96f73f"
        },
        {
          "path": "File\/Archive\/Predicate\/Or.php",
          "dir": false,
          "file": true,
          "perms": "0644",
          "size": 2480,
          "sha1": "bdc9f28a9a9e024ddb45e6346bbfcc6b1b8be3de"
        },
        {
          "path": "File\/Archive\/Predicate\/Not.php",
          "dir": false,
          "file": true,
          "perms": "0644",
          "size": 1790,
          "sha1": "31f0c77363f242dd8002fd1c64187dc2e7c4334d"
        },
        {
          "path": "File\/Archive\/Predicate\/MIME.php",
          "dir": false,
          "file": true,
          "perms": "0644",
          "size": 2348,
          "sha1": "97e0a005eb669c2a816d170b4f5ae87b76b9d604"
        },
        {
          "path": "File\/Archive\/Predicate\/False.php",
          "dir": false,
          "file": true,
          "perms": "0644",
          "size": 1553,
          "sha1": "8b2e9f76cc83ad51c0f37e443d5b5ec470a87acb"
        },
        {
          "path": "File\/Archive\/Predicate\/Index.php",
          "dir": false,
          "file": true,
          "perms": "0644",
          "size": 2058,
          "sha1": "e9b912ab576919aa31eb91d8889651c4a2ffc3bb"
        },
        {
          "path": "File\/Archive\/Predicate\/Custom.php",
          "dir": false,
          "file": true,
          "perms": "0644",
          "size": 3116,
          "sha1": "75caadc7c6ca10aa0b670a5dd969cc9c8f20907d"
        },
        {
          "path": "File\/Archive\/Predicate\/MaxDepth.php",
          "dir": false,
          "file": true,
          "perms": "0644",
          "size": 2118,
          "sha1": "dbd27a23bca3815501eae9db4d44decb6f1b6a7e"
        },
        {
          "path": "File\/Archive\/Predicate\/Ereg.php",
          "dir": false,
          "file": true,
          "perms": "0644",
          "size": 1862,
          "sha1": "c54d7d1ed6843ca18c113613813be80cbbc7a9cb"
        },
        {
          "path": "File\/Archive\/Predicate\/Current.php",
          "dir": false,
          "file": true,
          "perms": "0644",
          "size": 1644,
          "sha1": "14d34d73ef356199058cd00ac745a913da511368"
        },
        {
          "path": "File\/Archive\/Predicate\/MinSize.php",
          "dir": false,
          "file": true,
          "perms": "0644",
          "size": 1890,
          "sha1": "700b70c10cbc7c302548e4579c93402595bab6d7"
        },
        {
          "path": "File\/Archive\/Predicate\/Eregi.php",
          "dir": false,
          "file": true,
          "perms": "0644",
          "size": 1907,
          "sha1": "c9c57e5a3a7d66dbc31378dbcf2a20e6623a7dd0"
        },
        {
          "path": "File\/Archive\/Predicate\/Duplicate.php",
          "dir": false,
          "file": true,
          "perms": "0644",
          "size": 3950,
          "sha1": "26615e88b923597bf9c64d0ba7fc403cfe4bd3e7"
        },
        {
          "path": "File\/Archive\/Writer",
          "dir": true,
          "file": false,
          "perms": "0755",
          "size": 4096,
          "sha1": null
        },
        {
          "path": "File\/Archive\/Writer\/MemoryArchive.php",
          "dir": false,
          "file": true,
          "perms": "0644",
          "size": 6452,
          "sha1": "eca56fb5992312fede9b98f6024397d6b9aa108c"
        },
        {
          "path": "File\/Archive\/Writer\/Ar.php",
          "dir": false,
          "file": true,
          "perms": "0644",
          "size": 6226,
          "sha1": "b5eb47f0e27ccc4bd70a6ba6daad4bdd9739b92c"
        },
        {
          "path": "File\/Archive\/Writer\/Mail.php",
          "dir": false,
          "file": true,
          "perms": "0644",
          "size": 5553,
          "sha1": "bfd3d70557d66fa8d7fd95aef8dc3794f02b1f15"
        },
        {
          "path": "File\/Archive\/Writer\/Files.php",
          "dir": false,
          "file": true,
          "perms": "0644",
          "size": 7965,
          "sha1": "e93a429195bcf8dd128068bf19085beeb11f2216"
        },
        {
          "path": "File\/Archive\/Writer\/Output.php",
          "dir": false,
          "file": true,
          "perms": "0644",
          "size": 3067,
          "sha1": "8fe1e62ea348509855f0785d91e3880ca85c2321"
        },
        {
          "path": "File\/Archive\/Writer\/Gzip.php",
          "dir": false,
          "file": true,
          "perms": "0644",
          "size": 4244,
          "sha1": "081264459cfbc5ad25a2510b3fce98b3046d89a0"
        },
        {
          "path": "File\/Archive\/Writer\/Archive.php",
          "dir": false,
          "file": true,
          "perms": "0644",
          "size": 4267,
          "sha1": "c2cf750538ce712febdba5a51a8c6d599cc716e3"
        },
        {
          "path": "File\/Archive\/Writer\/Tar.php",
          "dir": false,
          "file": true,
          "perms": "0644",
          "size": 7077,
          "sha1": "f1c24b95b7865657bd86d9f12982ea798385fe55"
        },
        {
          "path": "File\/Archive\/Writer\/Multi.php",
          "dir": false,
          "file": true,
          "perms": "0644",
          "size": 3674,
          "sha1": "672242e6371a65c7602a0252a9f2a01c5791027a"
        },
        {
          "path": "File\/Archive\/Writer\/Bzip2.php",
          "dir": false,
          "file": true,
          "perms": "0644",
          "size": 4336,
          "sha1": "193a9fb0acbcd71b0d9eeb06a78623878f04d9be"
        },
        {
          "path": "File\/Archive\/Writer\/AddBaseName.php",
          "dir": false,
          "file": true,
          "perms": "0644",
          "size": 2803,
          "sha1": "686cde79ed7d56884717b1606b11aa66fe6301ac"
        },
        {
          "path": "File\/Archive\/Writer\/UniqueAppender.php",
          "dir": false,
          "file": true,
          "perms": "0644",
          "size": 4514,
          "sha1": "c16c1974a837ab26333dcc4392869c7bae5b3bb7"
        },
        {
          "path": "File\/Archive\/Writer\/Zip.php",
          "dir": false,
          "file": true,
          "perms": "0644",
          "size": 8537,
          "sha1": "c4f67e504e8582d5fb1f3945afa28fd426c00cb6"
        },
        {
          "path": "File\/Archive\/Writer\/Memory.php",
          "dir": false,
          "file": true,
          "perms": "0644",
          "size": 4026,
          "sha1": "3df7582777eb4ce35d88f654829d6210e69d1e9e"
        },
        {
          "path": "File\/Archive\/Reader",
          "dir": true,
          "file": false,
          "perms": "0755",
          "size": 4096,
          "sha1": null
        },
        {
          "path": "File\/Archive\/Reader\/Ar.php",
          "dir": false,
          "file": true,
          "perms": "0644",
          "size": 11136,
          "sha1": "29273a588dd238e52034e139e02bcdc8290f3491"
        },
        {
          "path": "File\/Archive\/Reader\/Relay.php",
          "dir": false,
          "file": true,
          "perms": "0644",
          "size": 3942,
          "sha1": "5db20cb478e66aa380f66c0539736a44ca9de847"
        },
        {
          "path": "File\/Archive\/Reader\/Uncompress.php",
          "dir": false,
          "file": true,
          "perms": "0644",
          "size": 9845,
          "sha1": "677ec74bd8252d3b19cc9675479dbd96bea09072"
        },
        {
          "path": "File\/Archive\/Reader\/Concat.php",
          "dir": false,
          "file": true,
          "perms": "0644",
          "size": 5470,
          "sha1": "235e847f678c9d040aa0942724eb3de8de3ed89a"
        },
        {
          "path": "File\/Archive\/Reader\/Select.php",
          "dir": false,
          "file": true,
          "perms": "0644",
          "size": 1938,
          "sha1": "49a1aa1447cfea042731e775cb3d841e131f6ab2"
        },
        {
          "path": "File\/Archive\/Reader\/ChangeName",
          "dir": true,
          "file": false,
          "perms": "0755",
          "size": 4096,
          "sha1": null
        },
        {
          "path": "File\/Archive\/Reader\/ChangeName\/AddDirectory.php",
          "dir": false,
          "file": true,
          "perms": "0644",
          "size": 2879,
          "sha1": "d4fe0fc14a85ae965c140ee9c4d06c4f8a982358"
        },
        {
          "path": "File\/Archive\/Reader\/ChangeName\/Callback.php",
          "dir": false,
          "file": true,
          "perms": "0644",
          "size": 1755,
          "sha1": "0528ee62e1bf4d5130d0fe124738e4d52c62750d"
        },
        {
          "path": "File\/Archive\/Reader\/ChangeName\/Directory.php",
          "dir": false,
          "file": true,
          "perms": "0644",
          "size": 3517,
          "sha1": "c64cf41a879a987597efb7181a72d4d327668861"
        },
        {
          "path": "File\/Archive\/Reader\/Gzip.php",
          "dir": false,
          "file": true,
          "perms": "0644",
          "size": 7692,
          "sha1": "b785bb48ec3514aa646638fe76ef3d07a02fdec2"
        },
        {
          "path": "File\/Archive\/Reader\/Cache.php",
          "dir": false,
          "file": true,
          "perms": "0644",
          "size": 7930,
          "sha1": "a4fdfe432e3cf0660dd7a0d5459e84751e96f298"
        },
        {
          "path": "File\/Archive\/Reader\/MimeList.php",
          "dir": false,
          "file": true,
          "perms": "0644",
          "size": 25067,
          "sha1": "4f72bde4f70e29e65a52b5872b915474b589ff2e"
        },
        {
          "path": "File\/Archive\/Reader\/Directory.php",
          "dir": false,
          "file": true,
          "perms": "0644",
          "size": 8414,
          "sha1": "7f35d1e7bd6acafcfaed472970a4216e0440c790"
        },
        {
          "path": "File\/Archive\/Reader\/File.php",
          "dir": false,
          "file": true,
          "perms": "0644",
          "size": 8028,
          "sha1": "24ec04282f7af1cb5e9d39be6667c2c3ef8aa3ac"
        },
        {
          "path": "File\/Archive\/Reader\/Filter.php",
          "dir": false,
          "file": true,
          "perms": "0644",
          "size": 2584,
          "sha1": "9f155601a905553df732a57fd0d787595989ab36"
        },
        {
          "path": "File\/Archive\/Reader\/Archive.php",
          "dir": false,
          "file": true,
          "perms": "0644",
          "size": 2881,
          "sha1": "a52c17231480bf191fcf2e366c905ff36d2e88e9"
        },
        {
          "path": "File\/Archive\/Reader\/Tar.php",
          "dir": false,
          "file": true,
          "perms": "0644",
          "size": 12455,
          "sha1": "7329ca0e5f2413699d02cabb79dbe8c35dacb445"
        },
        {
          "path": "File\/Archive\/Reader\/Multi.php",
          "dir": false,
          "file": true,
          "perms": "0644",
          "size": 2770,
          "sha1": "989b9d4b4bd510635c533eeee70c7c340d14f934"
        },
        {
          "path": "File\/Archive\/Reader\/Bzip2.php",
          "dir": false,
          "file": true,
          "perms": "0644",
          "size": 7271,
          "sha1": "fa10eada96871b711799b547f1a301f8f0fcbcf2"
        },
        {
          "path": "File\/Archive\/Reader\/ChangeName.php",
          "dir": false,
          "file": true,
          "perms": "0644",
          "size": 4522,
          "sha1": "9b29a2768d6c21651a0c8530f7ec10f4139beea4"
        },
        {
          "path": "File\/Archive\/Reader\/Zip.php",
          "dir": false,
          "file": true,
          "perms": "0644",
          "size": 15509,
          "sha1": "cb2716bd9376e4a48cc1195ff84608be70174181"
        },
        {
          "path": "File\/Archive\/Reader\/Memory.php",
          "dir": false,
          "file": true,
          "perms": "0644",
          "size": 6379,
          "sha1": "12b277e9d255bfe7567641a97079676e06360fd7"
        },
        {
          "path": "File\/Archive\/Writer.php",
          "dir": false,
          "file": true,
          "perms": "0644",
          "size": 3934,
          "sha1": "7ab65533280024c4b03a52023c98656e2fa98d28"
        },
        {
          "path": "File\/Archive\/Reader.php",
          "dir": false,
          "file": true,
          "perms": "0644",
          "size": 13697,
          "sha1": "3924a7017f916f9003d2159a45392f5c49457a32"
        },
        {
          "path": "File\/Archive\/Predicate.php",
          "dir": false,
          "file": true,
          "perms": "0644",
          "size": 1954,
          "sha1": "9a4e2f169ef67fa6011d80e28981983f63ec107d"
        },
        {
          "path": "File\/Archive.php",
          "dir": false,
          "file": true,
          "perms": "0644",
          "size": 52265,
          "sha1": "5946c3253807506812363a227375fa8facf808b2"
        },
        {
          "path": "SOAP",
          "dir": true,
          "file": false,
          "perms": "0755",
          "size": 4096,
          "sha1": null
        },
        {
          "path": "SOAP\/Value.php",
          "dir": false,
          "file": true,
          "perms": "0644",
          "size": 8924,
          "sha1": "4dc81ddf20263797d9e23012dac658cbb9a8d611"
        },
        {
          "path": "SOAP\/WSDL.php",
          "dir": false,
          "file": true,
          "perms": "0644",
          "size": 89881,
          "sha1": "37f95c66d80a41fec97dd7ccf6e57433b6adf538"
        },
        {
          "path": "SOAP\/Server.php",
          "dir": false,
          "file": true,
          "perms": "0644",
          "size": 31593,
          "sha1": "55f9476c46d9c04352890a463327dc427e749de7"
        },
        {
          "path": "SOAP\/Transport.php",
          "dir": false,
          "file": true,
          "perms": "0644",
          "size": 3728,
          "sha1": "fbc734925ea4c1beab09f46878f8111dc83091e6"
        },
        {
          "path": "SOAP\/Parser.php",
          "dir": false,
          "file": true,
          "perms": "0644",
          "size": 19110,
          "sha1": "a9a86dbc72fb4210bf3aa1c37bff089e5be5e114"
        },
        {
          "path": "SOAP\/Client.php",
          "dir": false,
          "file": true,
          "perms": "0644",
          "size": 28786,
          "sha1": "91a8bcb961f52cb0dde6ec679debf9a946fd4997"
        },
        {
          "path": "SOAP\/Base.php",
          "dir": false,
          "file": true,
          "perms": "0644",
          "size": 40045,
          "sha1": "5abde0aa74108422722c4a0acaa28d8eac5e5144"
        },
        {
          "path": "SOAP\/Server",
          "dir": true,
          "file": false,
          "perms": "0755",
          "size": 4096,
          "sha1": null
        },
        {
          "path": "SOAP\/Server\/Email.php",
          "dir": false,
          "file": true,
          "perms": "0644",
          "size": 7444,
          "sha1": "373a495d2d6b19bb3b62ea8aa7cca49a93f1f8f2"
        },
        {
          "path": "SOAP\/Server\/TCP.php",
          "dir": false,
          "file": true,
          "perms": "0644",
          "size": 3533,
          "sha1": "e35337ef9ae18f22c3df8146bb677aa30c8b9e3f"
        },
        {
          "path": "SOAP\/Server\/Email_Gateway.php",
          "dir": false,
          "file": true,
          "perms": "0644",
          "size": 5510,
          "sha1": "d92a248d530ebdf29ab92a708ecbe94676b40678"
        },
        {
          "path": "SOAP\/Transport",
          "dir": true,
          "file": false,
          "perms": "0755",
          "size": 4096,
          "sha1": null
        },
        {
          "path": "SOAP\/Transport\/HTTP.php",
          "dir": false,
          "file": true,
          "perms": "0644",
          "size": 20509,
          "sha1": "442132c376cd3322a42d4dd9512912a5682b5bbe"
        },
        {
          "path": "SOAP\/Transport\/SMTP.php",
          "dir": false,
          "file": true,
          "perms": "0644",
          "size": 7118,
          "sha1": "44e4856a411ba9b476193010f6c6ba8355431ea2"
        },
        {
          "path": "SOAP\/Transport\/TCP.php",
          "dir": false,
          "file": true,
          "perms": "0644",
          "size": 4613,
          "sha1": "8453a644d078ce6bd5f8ad6b9664e87c7d05cc49"
        },
        {
          "path": "SOAP\/Transport\/TEST.php",
          "dir": false,
          "file": true,
          "perms": "0644",
          "size": 1543,
          "sha1": "103f15e28ddfffb63e74a4284b153cad14b20e23"
        },
        {
          "path": "SOAP\/Fault.php",
          "dir": false,
          "file": true,
          "perms": "0644",
          "size": 4234,
          "sha1": "cc3ad5cce1afaaf7082dbbea3b110d39b31d1478"
        },
        {
          "path": "SOAP\/Type",
          "dir": true,
          "file": false,
          "perms": "0755",
          "size": 4096,
          "sha1": null
        },
        {
          "path": "SOAP\/Type\/duration.php",
          "dir": false,
          "file": true,
          "perms": "0644",
          "size": 6996,
          "sha1": "30d06f84a3c8c5988ac018ddccf300c1fa31fbfe"
        },
        {
          "path": "SOAP\/Type\/hexBinary.php",
          "dir": false,
          "file": true,
          "perms": "0644",
          "size": 1414,
          "sha1": "60b42780fc03db170a64ce67b24ff464300775a8"
        },
        {
          "path": "SOAP\/Type\/dateTime.php",
          "dir": false,
          "file": true,
          "perms": "0644",
          "size": 7564,
          "sha1": "20708f9d7532c9678110b8f3f6fdd7481b124b57"
        },
        {
          "path": "SOAP\/Disco.php",
          "dir": false,
          "file": true,
          "perms": "0644",
          "size": 15656,
          "sha1": "c870239b040ddc307ce7f8dadbc6603307fe4cd2"
        },
        {
          "path": "Archive",
          "dir": true,
          "file": false,
          "perms": "0755",
          "size": 4096,
          "sha1": null
        },
        {
          "path": "Archive\/Tar.php",
          "dir": false,
          "file": true,
          "perms": "0644",
          "size": 67634,
          "sha1": "414d85f5f9f5cc35e4b2b50ddf43a96aa2fd96ad"
        },
        {
          "path": "Archive\/Zip.php",
          "dir": false,
          "file": true,
          "perms": "0644",
          "size": 120394,
          "sha1": "d652280c1807e4acf4d77965be38c77e4b78eb44"
        },
        {
          "path": "Text",
          "dir": true,
          "file": false,
          "perms": "0755",
          "size": 4096,
          "sha1": null
        },
        {
          "path": "Text\/Diff",
          "dir": true,
          "file": false,
          "perms": "0755",
          "size": 4096,
          "sha1": null
        },
        {
          "path": "Text\/Diff\/Renderer.php",
          "dir": false,
          "file": true,
          "perms": "0644",
          "size": 6778,
          "sha1": "89e2793c714bac4e9d573f790f47ea0d05ee5935"
        },
        {
          "path": "Text\/Diff\/ThreeWay.php",
          "dir": false,
          "file": true,
          "perms": "0644",
          "size": 7272,
          "sha1": "92e42cc5bd627257bc49188d9046191f4f4be645"
        },
        {
          "path": "Text\/Diff\/Mapped.php",
          "dir": false,
          "file": true,
          "perms": "0644",
          "size": 2130,
          "sha1": "81c2a20b36bd0094c1e786614275a1eedd4a50c2"
        },
        {
          "path": "Text\/Diff\/Renderer",
          "dir": true,
          "file": false,
          "perms": "0755",
          "size": 4096,
          "sha1": null
        },
        {
          "path": "Text\/Diff\/Renderer\/inline.php",
          "dir": false,
          "file": true,
          "perms": "0644",
          "size": 4810,
          "sha1": "a2cbbd473ab9d4d5d0c5130a35681946deef0d9b"
        },
        {
          "path": "Text\/Diff\/Renderer\/unified.php",
          "dir": false,
          "file": true,
          "perms": "0644",
          "size": 1534,
          "sha1": "42d6f6dae8e6dc2d7eadbbea149039d3a7fb6977"
        },
        {
          "path": "Text\/Diff\/Renderer\/context.php",
          "dir": false,
          "file": true,
          "perms": "0644",
          "size": 1813,
          "sha1": "66ea3b2915d081bc0af555dda8085998256c8302"
        },
        {
          "path": "Text\/Diff\/Engine",
          "dir": true,
          "file": false,
          "perms": "0755",
          "size": 4096,
          "sha1": null
        },
        {
          "path": "Text\/Diff\/Engine\/native.php",
          "dir": false,
          "file": true,
          "perms": "0644",
          "size": 15937,
          "sha1": "ce6c86bff6f04a19b5ee51582b0d09d8fe5b2460"
        },
        {
          "path": "Text\/Diff\/Engine\/string.php",
          "dir": false,
          "file": true,
          "perms": "0644",
          "size": 8449,
          "sha1": "505db26047f0bfcecfb9ce9f3bc5d234ad37e9bc"
        },
        {
          "path": "Text\/Diff\/Engine\/xdiff.php",
          "dir": false,
          "file": true,
          "perms": "0644",
          "size": 2306,
          "sha1": "5c7e667008d0bb2b59bc021507d808d2ed771265"
        },
        {
          "path": "Text\/Diff\/Engine\/shell.php",
          "dir": false,
          "file": true,
          "perms": "0644",
          "size": 5266,
          "sha1": "64a234f83fc8d35cab0436fd4a76a1853c01d0d0"
        },
        {
          "path": "Text\/Diff3.php",
          "dir": false,
          "file": true,
          "perms": "0644",
          "size": 7201,
          "sha1": "0c822d1f5fe41a9c8bf52f3f1803e4303a778857"
        },
        {
          "path": "Text\/Diff.php",
          "dir": false,
          "file": true,
          "perms": "0644",
          "size": 12054,
          "sha1": "c991c66131601805e77a09c07cc3200a282653a5"
        },
        {
          "path": "manifest.php",
          "dir": false,
          "file": true,
          "perms": "0644",
          "size": 381,
          "sha1": "0c08cbba7d74384469c4100ac45b769dabab41ef"
        },
        {
          "path": "Crypt",
          "dir": true,
          "file": false,
          "perms": "0755",
          "size": 4096,
          "sha1": null
        },
        {
          "path": "Crypt\/RSA",
          "dir": true,
          "file": false,
          "perms": "0755",
          "size": 4096,
          "sha1": null
        },
        {
          "path": "Crypt\/RSA\/ErrorHandler.php",
          "dir": false,
          "file": true,
          "perms": "0644",
          "size": 6506,
          "sha1": "381f37da0a55b769641d8f9ed6de18aabb6e493f"
        },
        {
          "path": "Crypt\/RSA\/Key.php",
          "dir": false,
          "file": true,
          "perms": "0644",
          "size": 9467,
          "sha1": "28826595e852eb9818a40f96c126dfcad6eaf75f"
        },
        {
          "path": "Crypt\/RSA\/MathLoader.php",
          "dir": false,
          "file": true,
          "perms": "0644",
          "size": 5032,
          "sha1": "65bdf759d510942c274c4d361180e6e1c19f40e5"
        },
        {
          "path": "Crypt\/RSA\/Math",
          "dir": true,
          "file": false,
          "perms": "0755",
          "size": 4096,
          "sha1": null
        },
        {
          "path": "Crypt\/RSA\/Math\/BCMath.php",
          "dir": false,
          "file": true,
          "perms": "0644",
          "size": 12510,
          "sha1": "5f1790c018e511cf15ed7fd41abfb9575e5b55e2"
        },
        {
          "path": "Crypt\/RSA\/Math\/GMP.php",
          "dir": false,
          "file": true,
          "perms": "0644",
          "size": 9309,
          "sha1": "e71a750b63f23954100a2870eba6f377560b920c"
        },
        {
          "path": "Crypt\/RSA\/Math\/BigInt.php",
          "dir": false,
          "file": true,
          "perms": "0644",
          "size": 8010,
          "sha1": "246e07ba36e36d013b424be5278830ed7d3e4ada"
        },
        {
          "path": "Crypt\/RSA\/KeyPair.php",
          "dir": false,
          "file": true,
          "perms": "0644",
          "size": 26978,
          "sha1": "fe6adea9754139544af7d6a452b98e195776fcfb"
        },
        {
          "path": "Crypt\/Blowfish",
          "dir": true,
          "file": false,
          "perms": "0755",
          "size": 4096,
          "sha1": null
        },
        {
          "path": "Crypt\/Blowfish\/ECB.php",
          "dir": false,
          "file": true,
          "perms": "0644",
          "size": 4168,
          "sha1": "f5532a67076d2c5f06ecb79e3505bd7b1b02f056"
        },
        {
          "path": "Crypt\/Blowfish\/CBC.php",
          "dir": false,
          "file": true,
          "perms": "0644",
          "size": 4634,
          "sha1": "4268e1d425784ff9076a79ff7133373229c713e4"
        },
        {
          "path": "Crypt\/Blowfish\/DefaultKey.php",
          "dir": false,
          "file": true,
          "perms": "0644",
          "size": 18405,
          "sha1": "0f9d642bb4a59beafdf2403dcbd12e6644e6d3c3"
        },
        {
          "path": "Crypt\/Blowfish\/MCrypt.php",
          "dir": false,
          "file": true,
          "perms": "0644",
          "size": 5398,
          "sha1": "a60b73194e9c66474208c570c7e28adc3586575d"
        },
        {
          "path": "Crypt\/Blowfish\/PHP.php",
          "dir": false,
          "file": true,
          "perms": "0644",
          "size": 7884,
          "sha1": "d076e7f9c1b880f47005378d055beb559c461430"
        },
        {
          "path": "Crypt\/RSA.php",
          "dir": false,
          "file": true,
          "perms": "0644",
          "size": 18880,
          "sha1": "e158429346c29d9d0e971093f4cfcedc78124a33"
        },
        {
          "path": "Crypt\/Blowfish.php",
          "dir": false,
          "file": true,
          "perms": "0644",
          "size": 8438,
          "sha1": "fbbc3b069dd72b355f862570e2371f8b289123f8"
        },
        {
          "path": "HTML",
          "dir": true,
          "file": false,
          "perms": "0755",
          "size": 4096,
          "sha1": null
        },
        {
          "path": "HTML\/BBCodeParser2.php",
          "dir": false,
          "file": true,
          "perms": "0644",
          "size": 30692,
          "sha1": "16e905938d64db3ebfa4e110616588e6afd215d6"
        },
        {
          "path": "HTML\/BBCodeParser2",
          "dir": true,
          "file": false,
          "perms": "0755",
          "size": 4096,
          "sha1": null
        },
        {
          "path": "HTML\/BBCodeParser2\/Filter",
          "dir": true,
          "file": false,
          "perms": "0755",
          "size": 4096,
          "sha1": null
        },
        {
          "path": "HTML\/BBCodeParser2\/Filter\/Email.php",
          "dir": false,
          "file": true,
          "perms": "0644",
          "size": 3184,
          "sha1": "98a595e55f890ba1baaaa25213c7c4bb47e5fcb2"
        },
        {
          "path": "HTML\/BBCodeParser2\/Filter\/Basic.php",
          "dir": false,
          "file": true,
          "perms": "0644",
          "size": 3302,
          "sha1": "587c7e645e01008c2b06a97bf301f8a3dcd779c1"
        },
        {
          "path": "HTML\/BBCodeParser2\/Filter\/Lists.php",
          "dir": false,
          "file": true,
          "perms": "0644",
          "size": 4855,
          "sha1": "8d456660a8d74fce8586ba63e5fd03cc8984e709"
        },
        {
          "path": "HTML\/BBCodeParser2\/Filter\/Links.php",
          "dir": false,
          "file": true,
          "perms": "0644",
          "size": 6864,
          "sha1": "b74785b408bcff6b71697259d10a15c46e7729ac"
        },
        {
          "path": "HTML\/BBCodeParser2\/Filter\/Images.php",
          "dir": false,
          "file": true,
          "perms": "0644",
          "size": 2972,
          "sha1": "fedcfaa56d4783d570eb1b4e1ec7acfa6549110e"
        },
        {
          "path": "HTML\/BBCodeParser2\/Filter\/Extended.php",
          "dir": false,
          "file": true,
          "perms": "0644",
          "size": 5146,
          "sha1": "80ebf2ec62cf39f7ff2a0c2c632a99224101f7aa"
        },
        {
          "path": "HTML\/BBCodeParser2\/Filter.php",
          "dir": false,
          "file": true,
          "perms": "0644",
          "size": 166,
          "sha1": "77de3f4f5dc6277019d11e466e01332f87ab9381"
        },
        {
          "path": "data",
          "dir": true,
          "file": false,
          "perms": "0755",
          "size": 4096,
          "sha1": null
        },
        {
          "path": "data\/api.xml",
          "dir": false,
          "file": true,
          "perms": "0644",
          "size": 27919,
          "sha1": "203563afd19618a0618cc94eabe89bb5d5b480f4"
        },
        {
          "path": "data\/api.rng",
          "dir": false,
          "file": true,
          "perms": "0644",
          "size": 4095,
          "sha1": "df9a3bc783b6c8224be199bb42f4fc5d5b7125e8"
        },
        {
          "path": "HTTP",
          "dir": true,
          "file": false,
          "perms": "0755",
          "size": 4096,
          "sha1": null
        },
        {
          "path": "HTTP\/OAuth",
          "dir": true,
          "file": false,
          "perms": "0755",
          "size": 4096,
          "sha1": null
        },
        {
          "path": "HTTP\/OAuth\/Consumer.php",
          "dir": false,
          "file": true,
          "perms": "0644",
          "size": 11763,
          "sha1": "d2e4624938cc987195cfbbe1a44d24a4b088c239"
        },
        {
          "path": "HTTP\/OAuth\/Exception",
          "dir": true,
          "file": false,
          "perms": "0755",
          "size": 4096,
          "sha1": null
        },
        {
          "path": "HTTP\/OAuth\/Exception\/NotImplemented.php",
          "dir": false,
          "file": true,
          "perms": "0644",
          "size": 1403,
          "sha1": "a8c31f7761c2750b3723a1f980b22e10e671c82f"
        },
        {
          "path": "HTTP\/OAuth\/Provider",
          "dir": true,
          "file": false,
          "perms": "0755",
          "size": 4096,
          "sha1": null
        },
        {
          "path": "HTTP\/OAuth\/Provider\/Exception",
          "dir": true,
          "file": false,
          "perms": "0755",
          "size": 4096,
          "sha1": null
        },
        {
          "path": "HTTP\/OAuth\/Provider\/Exception\/InvalidRequest.php",
          "dir": false,
          "file": true,
          "perms": "0644",
          "size": 1317,
          "sha1": "1e1755db9391303b910c9f4b14a31d583ec9696f"
        },
        {
          "path": "HTTP\/OAuth\/Provider\/Response.php",
          "dir": false,
          "file": true,
          "perms": "0644",
          "size": 7110,
          "sha1": "7d7c5e262128852cdf8f6092f4be19a400df2aa8"
        },
        {
          "path": "HTTP\/OAuth\/Provider\/Request.php",
          "dir": false,
          "file": true,
          "perms": "0644",
          "size": 9899,
          "sha1": "ea1e98fa1c279e4899a8b8f5fbf37dc5e3bd6d03"
        },
        {
          "path": "HTTP\/OAuth\/Provider\/Exception.php",
          "dir": false,
          "file": true,
          "perms": "0644",
          "size": 1167,
          "sha1": "7d20ab5ff4e1598d409ccacc9d7785198056ebd4"
        },
        {
          "path": "HTTP\/OAuth\/Signature.php",
          "dir": false,
          "file": true,
          "perms": "0644",
          "size": 2128,
          "sha1": "e79b53d902f5aa0d99d4cdf8a05ea7762e480acb"
        },
        {
          "path": "HTTP\/OAuth\/Store",
          "dir": true,
          "file": false,
          "perms": "0755",
          "size": 4096,
          "sha1": null
        },
        {
          "path": "HTTP\/OAuth\/Store\/Data.php",
          "dir": false,
          "file": true,
          "perms": "0644",
          "size": 1337,
          "sha1": "ccac39687f091895b4a166c767bea4aaf0a8ebb0"
        },
        {
          "path": "HTTP\/OAuth\/Store\/Consumer",
          "dir": true,
          "file": false,
          "perms": "0755",
          "size": 4096,
          "sha1": null
        },
        {
          "path": "HTTP\/OAuth\/Store\/Consumer\/Interface.php",
          "dir": false,
          "file": true,
          "perms": "0644",
          "size": 2482,
          "sha1": "ab54a7df6f3749ffcd37761cfde8ad3c1dc8946e"
        },
        {
          "path": "HTTP\/OAuth\/Store\/Consumer\/CacheLite.php",
          "dir": false,
          "file": true,
          "perms": "0644",
          "size": 6964,
          "sha1": "bdd36c67ce00503fb1f8135f846ebc2897b6d519"
        },
        {
          "path": "HTTP\/OAuth\/Message.php",
          "dir": false,
          "file": true,
          "perms": "0644",
          "size": 5977,
          "sha1": "4a3f94f8849390887a6f4790cfd8620335957bd6"
        },
        {
          "path": "HTTP\/OAuth\/Consumer",
          "dir": true,
          "file": false,
          "perms": "0755",
          "size": 4096,
          "sha1": null
        },
        {
          "path": "HTTP\/OAuth\/Consumer\/Exception",
          "dir": true,
          "file": false,
          "perms": "0755",
          "size": 4096,
          "sha1": null
        },
        {
          "path": "HTTP\/OAuth\/Consumer\/Exception\/InvalidResponse.php",
          "dir": false,
          "file": true,
          "perms": "0644",
          "size": 2762,
          "sha1": "4863decf63cb493160e01f69a840c509039112df"
        },
        {
          "path": "HTTP\/OAuth\/Consumer\/Response.php",
          "dir": false,
          "file": true,
          "perms": "0644",
          "size": 3161,
          "sha1": "d8f5440fe84913b0e4e042c52094a02f48a3783d"
        },
        {
          "path": "HTTP\/OAuth\/Consumer\/Request.php",
          "dir": false,
          "file": true,
          "perms": "0644",
          "size": 9883,
          "sha1": "a20a01de906f108eeecc06a13b58bee57d848405"
        },
        {
          "path": "HTTP\/OAuth\/Exception.php",
          "dir": false,
          "file": true,
          "perms": "0644",
          "size": 1902,
          "sha1": "056b2350a800d36c7820aabadf0ceadf08889232"
        },
        {
          "path": "HTTP\/OAuth\/Signature",
          "dir": true,
          "file": false,
          "perms": "0755",
          "size": 4096,
          "sha1": null
        },
        {
          "path": "HTTP\/OAuth\/Signature\/RSA",
          "dir": true,
          "file": false,
          "perms": "0755",
          "size": 4096,
          "sha1": null
        },
        {
          "path": "HTTP\/OAuth\/Signature\/RSA\/SHA1.php",
          "dir": false,
          "file": true,
          "perms": "0644",
          "size": 1950,
          "sha1": "8ac68dd305f8cf351e13481362b5e6acf1a98f75"
        },
        {
          "path": "HTTP\/OAuth\/Signature\/HMAC",
          "dir": true,
          "file": false,
          "perms": "0755",
          "size": 4096,
          "sha1": null
        },
        {
          "path": "HTTP\/OAuth\/Signature\/HMAC\/SHA1.php",
          "dir": false,
          "file": true,
          "perms": "0644",
          "size": 2087,
          "sha1": "985606ba277f61d3040321028d342fb0f7bf4759"
        },
        {
          "path": "HTTP\/OAuth\/Signature\/Common.php",
          "dir": false,
          "file": true,
          "perms": "0644",
          "size": 3131,
          "sha1": "70a00d8c8f827c4c7633ba43f544f527135df2ad"
        },
        {
          "path": "HTTP\/OAuth\/Signature\/PLAINTEXT.php",
          "dir": false,
          "file": true,
          "perms": "0644",
          "size": 1939,
          "sha1": "a8d85c9dbfaf7d835188260ffdf9d9af4af11283"
        },
        {
          "path": "HTTP\/Request",
          "dir": true,
          "file": false,
          "perms": "0755",
          "size": 4096,
          "sha1": null
        },
        {
          "path": "HTTP\/Request\/Listener.php",
          "dir": false,
          "file": true,
          "perms": "0644",
          "size": 3326,
          "sha1": "287050341fab043d21179798b2f43d2d5890ea36"
        },
        {
          "path": "HTTP\/Request.php",
          "dir": false,
          "file": true,
          "perms": "0644",
          "size": 50523,
          "sha1": "1d331f23bf0148253adde4a38fdc43f27b61286b"
        },
        {
          "path": "HTTP\/Request2.php",
          "dir": false,
          "file": true,
          "perms": "0644",
          "size": 36388,
          "sha1": "ed11d098bcc749ea06f38ce3274297c9a9ec615c"
        },
        {
          "path": "HTTP\/OAuth.php",
          "dir": false,
          "file": true,
          "perms": "0644",
          "size": 4778,
          "sha1": "0027d2396a2061a27d643c0f4b91be82638b1cc0"
        },
        {
          "path": "HTTP\/Request2",
          "dir": true,
          "file": false,
          "perms": "0755",
          "size": 4096,
          "sha1": null
        },
        {
          "path": "HTTP\/Request2\/CookieJar.php",
          "dir": false,
          "file": true,
          "perms": "0644",
          "size": 18659,
          "sha1": "3ce9295d0fc386e63b4e6958c069fd68a3b8b18b"
        },
        {
          "path": "HTTP\/Request2\/Response.php",
          "dir": false,
          "file": true,
          "perms": "0644",
          "size": 22149,
          "sha1": "2054bfb18aea10d8bf9ba2fb5e3f6c5ae5af4a07"
        },
        {
          "path": "HTTP\/Request2\/Adapter",
          "dir": true,
          "file": false,
          "perms": "0755",
          "size": 4096,
          "sha1": null
        },
        {
          "path": "HTTP\/Request2\/Adapter\/Socket.php",
          "dir": false,
          "file": true,
          "perms": "0644",
          "size": 43307,
          "sha1": "e23359a2f1df432f9bb38458dfa63eb041107744"
        },
        {
          "path": "HTTP\/Request2\/Adapter\/Curl.php",
          "dir": false,
          "file": true,
          "perms": "0644",
          "size": 23013,
          "sha1": "e64a8b14ab7dc58757b2a507a73afc59235d0ddb"
        },
        {
          "path": "HTTP\/Request2\/Adapter\/Mock.php",
          "dir": false,
          "file": true,
          "perms": "0644",
          "size": 6117,
          "sha1": "cb1db19246490f8745a5f02e0699176366941aa1"
        },
        {
          "path": "HTTP\/Request2\/MultipartBody.php",
          "dir": false,
          "file": true,
          "perms": "0644",
          "size": 10157,
          "sha1": "4e8ce475979df7fcf7e72676152457f0d9168391"
        },
        {
          "path": "HTTP\/Request2\/Observer",
          "dir": true,
          "file": false,
          "perms": "0755",
          "size": 4096,
          "sha1": null
        },
        {
          "path": "HTTP\/Request2\/Observer\/Log.php",
          "dir": false,
          "file": true,
          "perms": "0644",
          "size": 6881,
          "sha1": "75dce59747500d2bda2c8166cbc42034595f3d69"
        },
        {
          "path": "HTTP\/Request2\/Adapter.php",
          "dir": false,
          "file": true,
          "perms": "0644",
          "size": 5761,
          "sha1": "6435ddf7a53fb377b6cee61370f54a0909fa854f"
        },
        {
          "path": "HTTP\/Request2\/Exception.php",
          "dir": false,
          "file": true,
          "perms": "0644",
          "size": 5655,
          "sha1": "fde20ba984b6e774d4d45fb8ecf40963ce90fab7"
        },
        {
          "path": "PEAR5.php",
          "dir": false,
          "file": true,
          "perms": "0644",
          "size": 1087,
          "sha1": "e0e5eb31497bf5201b713d8d564799665ed45b2d"
        },
        {
          "path": "Services",
          "dir": true,
          "file": false,
          "perms": "0755",
          "size": 4096,
          "sha1": null
        },
        {
          "path": "Services\/Twitter.php",
          "dir": false,
          "file": true,
          "perms": "0644",
          "size": 29209,
          "sha1": "cf8c7dd80b1999a0c43fa2e02c8a3dcc8922e529"
        },
        {
          "path": "Services\/Twitter",
          "dir": true,
          "file": false,
          "perms": "0755",
          "size": 4096,
          "sha1": null
        },
        {
          "path": "Services\/Twitter\/Exception.php",
          "dir": false,
          "file": true,
          "perms": "0644",
          "size": 2935,
          "sha1": "753992af7a049b6c317511a1a77ca1255fe7d1c6"
        },
        {
          "path": "Services\/Weather.php",
          "dir": false,
          "file": true,
          "perms": "0644",
          "size": 11326,
          "sha1": "5a62275c7bc101aade7afe46cdbddcfd66493380"
        },
        {
          "path": "Services\/Weather",
          "dir": true,
          "file": false,
          "perms": "0755",
          "size": 4096,
          "sha1": null
        },
        {
          "path": "Services\/Weather\/Metar.php",
          "dir": false,
          "file": true,
          "perms": "0644",
          "size": 92255,
          "sha1": "9291cbe520af068d7a4d0bbcfd4efdd5dd842f5f"
        },
        {
          "path": "Services\/Weather\/Common.php",
          "dir": false,
          "file": true,
          "perms": "0644",
          "size": 38406,
          "sha1": "3de90be3b4065d28354015d3ca0c8150d409efa2"
        },
        {
          "path": "Services\/Weather\/Globalweather.php",
          "dir": false,
          "file": true,
          "perms": "0644",
          "size": 20076,
          "sha1": "924cb502abfcd189f5aed9191c64a3a4273cfb2d"
        },
        {
          "path": "Services\/Weather\/Weatherdotcom.php",
          "dir": false,
          "file": true,
          "perms": "0644",
          "size": 26186,
          "sha1": "1dc7768520a7badb8ec229dba0e4d7fd23476ed7"
        },
        {
          "path": "Services\/Weather\/Ejse.php",
          "dir": false,
          "file": true,
          "perms": "0644",
          "size": 18810,
          "sha1": "2b2287822be830d21ab8f033dc9155829f123020"
        }
      ]
    }
  }
}