{
  "type": "library",
  "name": "gif",
  "version": "4.9.1",
  "revision": "10171",
  "path": "application\/libraries\/GIF",
  "repository": null,
  "date": "Wed, 26 Apr 2017 15:50:15 +0000",
  "title": "GIF",
  "description": null,
  "thumb": null,
  "developer": null,
  "authors": [
    "Webligo Developments"
  ],
  "meta": {
    "date": "Wed, 26 Apr 2017 15:50:15 +0000",
    "title": "GIF",
    "description": null,
    "developer": null,
    "authors": [
      "Webligo Developments"
    ],
    "changeLog": null
  },
  "actions": [
    
  ],
  "callback": null,
  "dependencies": null,
  "tests": [
    
  ],
  "permissions": [
    
  ],
  "structure": {
    "application\/libraries\/GIF": {
      "type": "directory",
      "path": "application\/libraries\/GIF",
      "structure": [
        {
          "path": "Decoder.php",
          "dir": false,
          "file": true,
          "perms": "0644",
          "size": 8976,
          "sha1": "3fc98cd29bd7ce1d74f13b07119061bba9bab759"
        },
        {
          "path": "manifest.php",
          "dir": false,
          "file": true,
          "perms": "0644",
          "size": 379,
          "sha1": "87d6cda864de308cb6dcc92b0257f8f6487427d2"
        },
        {
          "path": "Encoder.php",
          "dir": false,
          "file": true,
          "perms": "0644",
          "size": 7744,
          "sha1": "0115d8bb2575e63da5b210b5615977cab9de4cb5"
        }
      ]
    }
  }
}