{
    "type": "module",
    "name": "group",
    "version": "4.9.1",
    "revision": "10271",
    "path": "application\/modules\/Group\/",
    "repository": null,
    "date": "Wed, 26 Apr 2017 15:50:14 +0000",
    "title": "Groups",
    "description": "Groups",
    "thumb": null,
    "developer": null,
    "authors": [
        "Webligo Developments"
    ],
    "meta": {
        "date": "Wed, 26 Apr 2017 15:50:14 +0000",
        "title": "Groups",
        "description": "Groups",
        "developer": null,
        "authors": [
            "Webligo Developments"
        ],
        "changeLog": null
    },
    "actions": [
        "install",
        "upgrade",
        "refresh",
        "enable",
        "disable"
    ],
    "callback": {
        "path": "application\/modules\/Group\/settings\/install.php",
        "class": "Group_Installer",
        "priority": 100
    },
    "dependencies": {
        "module-core": {
            "type": "module",
            "name": "core",
            "guid": "module-core",
            "minVersion": "4.2.0",
            "maxVersion": null,
            "excludeExcept": null
        }
    },
    "tests": [],
    "permissions": [],
    "structure": {
        "application\/modules\/Group": {
            "type": "directory",
            "path": "application\/modules\/Group",
            "structure": [
                {
                    "path": "externals",
                    "dir": true,
                    "file": false,
                    "perms": "0755",
                    "size": 4096,
                    "sha1": null
                },
                {
                    "path": "externals\/.htaccess",
                    "dir": false,
                    "file": true,
                    "perms": "0755",
                    "size": 1042,
                    "sha1": "6c835f103d253edf70bfd5ba2430ebe3fa8cacdd"
                },
                {
                    "path": "externals\/styles",
                    "dir": true,
                    "file": false,
                    "perms": "0755",
                    "size": 4096,
                    "sha1": null
                },
                {
                    "path": "externals\/styles\/mobile.css",
                    "dir": false,
                    "file": true,
                    "perms": "0755",
                    "size": 18017,
                    "sha1": "9cff9da6c9486391e41d897672f87367ce67c15d"
                },
                {
                    "path": "externals\/styles\/main.css",
                    "dir": false,
                    "file": true,
                    "perms": "0755",
                    "size": 20901,
                    "sha1": "f30ad5fafc5a0a31fd9b477107878b1232ec5497"
                },
                {
                    "path": "externals\/images",
                    "dir": true,
                    "file": false,
                    "perms": "0755",
                    "size": 4096,
                    "sha1": null
                },
                {
                    "path": "externals\/images\/nophoto_group_thumb_profile.png",
                    "dir": false,
                    "file": true,
                    "perms": "0644",
                    "size": 68346,
                    "sha1": "e3c7e422f72e11baebb05172a3fc127b5ecdbb68"
                },
                {
                    "path": "externals\/images\/nophoto_post_thumb_icon.png",
                    "dir": false,
                    "file": true,
                    "perms": "0755",
                    "size": 2881,
                    "sha1": "efc2ddf74252b5a3a5124d0bfaf4a6360022a355"
                },
                {
                    "path": "externals\/images\/member",
                    "dir": true,
                    "file": false,
                    "perms": "0755",
                    "size": 4096,
                    "sha1": null
                },
                {
                    "path": "externals\/images\/member\/promote.png",
                    "dir": false,
                    "file": true,
                    "perms": "0755",
                    "size": 661,
                    "sha1": "67900c8b91389e71655043ec9b9ef592f2cbfbee"
                },
                {
                    "path": "externals\/images\/member\/demote.png",
                    "dir": false,
                    "file": true,
                    "perms": "0755",
                    "size": 651,
                    "sha1": "666afde806503c59b4c4aba8aef9040eccd80f54"
                },
                {
                    "path": "externals\/images\/nophoto_group_thumb_icon.png",
                    "dir": false,
                    "file": true,
                    "perms": "0755",
                    "size": 1765,
                    "sha1": "f7ea99ea474b5b909f8f9e63773a9f1f184ca380"
                },
                {
                    "path": "externals\/images\/nophoto_topic_thumb_icon.png",
                    "dir": false,
                    "file": true,
                    "perms": "0755",
                    "size": 2881,
                    "sha1": "efc2ddf74252b5a3a5124d0bfaf4a6360022a355"
                },
                {
                    "path": "externals\/images\/nophoto_group_thumb_normal.png",
                    "dir": false,
                    "file": true,
                    "perms": "0755",
                    "size": 6375,
                    "sha1": "3eb67ae098f4550764725ca32e7c7cf36ade8a20"
                },
                {
                    "path": "controllers",
                    "dir": true,
                    "file": false,
                    "perms": "0755",
                    "size": 4096,
                    "sha1": null
                },
                {
                    "path": "controllers\/IndexController.php",
                    "dir": false,
                    "file": true,
                    "perms": "0755",
                    "size": 10827,
                    "sha1": "52bb228b56899a2a25f0024733743bb7c5c45274"
                },
                {
                    "path": "controllers\/MemberController.php",
                    "dir": false,
                    "file": true,
                    "perms": "0755",
                    "size": 21597,
                    "sha1": "f3330a1195e1131525b81e44ee20576f064ca2aa"
                },
                {
                    "path": "controllers\/AdminSettingsController.php",
                    "dir": false,
                    "file": true,
                    "perms": "0755",
                    "size": 7380,
                    "sha1": "4fb967880bbe9de69e537b296f80ac4257705ebb"
                },
                {
                    "path": "controllers\/GroupController.php",
                    "dir": false,
                    "file": true,
                    "perms": "0755",
                    "size": 8072,
                    "sha1": "6385a5ca757c7b8e08fafe6d80b398e281099da1"
                },
                {
                    "path": "controllers\/ProfileController.php",
                    "dir": false,
                    "file": true,
                    "perms": "0755",
                    "size": 1965,
                    "sha1": "2f35e249cee2ef1aed93ce7805fbd4d4a7465df0"
                },
                {
                    "path": "controllers\/PhotoController.php",
                    "dir": false,
                    "file": true,
                    "perms": "0755",
                    "size": 9388,
                    "sha1": "262f9316bb0bec9ad3d6467c91bcdbf2b48fc50d"
                },
                {
                    "path": "controllers\/TopicController.php",
                    "dir": false,
                    "file": true,
                    "perms": "0755",
                    "size": 16777,
                    "sha1": "0be692e0ed1cff94a16cd1ca213c5fd9ed55b455"
                },
                {
                    "path": "controllers\/PostController.php",
                    "dir": false,
                    "file": true,
                    "perms": "0755",
                    "size": 4171,
                    "sha1": "61f6dcb2b582b21f746e50e0e1a39f887a172884"
                },
                {
                    "path": "controllers\/AdminManageController.php",
                    "dir": false,
                    "file": true,
                    "perms": "0755",
                    "size": 2131,
                    "sha1": "7e348937d92d380f549cbd3f4444f4ba0ac421d2"
                },
                {
                    "path": "controllers\/WidgetController.php",
                    "dir": false,
                    "file": true,
                    "perms": "0755",
                    "size": 671,
                    "sha1": "751986e450dc446c34553a43c108e6b781d28593"
                },
                {
                    "path": "Plugin",
                    "dir": true,
                    "file": false,
                    "perms": "0755",
                    "size": 4096,
                    "sha1": null
                },
                {
                    "path": "Plugin\/Job",
                    "dir": true,
                    "file": false,
                    "perms": "0755",
                    "size": 4096,
                    "sha1": null
                },
                {
                    "path": "Plugin\/Job\/Maintenance",
                    "dir": true,
                    "file": false,
                    "perms": "0755",
                    "size": 4096,
                    "sha1": null
                },
                {
                    "path": "Plugin\/Job\/Maintenance\/RebuildPrivacy.php",
                    "dir": false,
                    "file": true,
                    "perms": "0755",
                    "size": 4474,
                    "sha1": "c01a10f656069134abada211bccff3f4c21d46e8"
                },
                {
                    "path": "Plugin\/Menus.php",
                    "dir": false,
                    "file": true,
                    "perms": "0755",
                    "size": 8845,
                    "sha1": "db24ca26aeef6635caf7ab46e9ad79747e996fb7"
                },
                {
                    "path": "Plugin\/Core.php",
                    "dir": false,
                    "file": true,
                    "perms": "0755",
                    "size": 4521,
                    "sha1": "0cbb61af0e67ae959e226bd0d7d758b2b4090ba4"
                },
                {
                    "path": "widgets",
                    "dir": true,
                    "file": false,
                    "perms": "0755",
                    "size": 4096,
                    "sha1": null
                },
                {
                    "path": "widgets\/browse-search",
                    "dir": true,
                    "file": false,
                    "perms": "0755",
                    "size": 4096,
                    "sha1": null
                },
                {
                    "path": "widgets\/browse-search\/Controller.php",
                    "dir": false,
                    "file": true,
                    "perms": "0755",
                    "size": 2244,
                    "sha1": "91ba585517fd5224ab3b3e56391f2219180ec72c"
                },
                {
                    "path": "widgets\/browse-search\/index.tpl",
                    "dir": false,
                    "file": true,
                    "perms": "0755",
                    "size": 91,
                    "sha1": "23eff47de6eaaf3d4a1db78d492dc6360fcbfe85"
                },
                {
                    "path": "widgets\/profile-groups",
                    "dir": true,
                    "file": false,
                    "perms": "0755",
                    "size": 4096,
                    "sha1": null
                },
                {
                    "path": "widgets\/profile-groups\/Controller.php",
                    "dir": false,
                    "file": true,
                    "perms": "0755",
                    "size": 1871,
                    "sha1": "7199763c647e02e578fdb67f44b9eebc897d9601"
                },
                {
                    "path": "widgets\/profile-groups\/index.tpl",
                    "dir": false,
                    "file": true,
                    "perms": "0755",
                    "size": 3091,
                    "sha1": "a24a0ff33312ce3ffaecb9e82e385c1e6cdc9293"
                },
                {
                    "path": "widgets\/profile-events",
                    "dir": true,
                    "file": false,
                    "perms": "0755",
                    "size": 4096,
                    "sha1": null
                },
                {
                    "path": "widgets\/profile-events\/Controller.php",
                    "dir": false,
                    "file": true,
                    "perms": "0755",
                    "size": 2127,
                    "sha1": "39563820f1395056c161ca39110bf149a14c863a"
                },
                {
                    "path": "widgets\/profile-events\/index.tpl",
                    "dir": false,
                    "file": true,
                    "perms": "0755",
                    "size": 4118,
                    "sha1": "531b59e0f5658582c473954bc08aecf06e12b192"
                },
                {
                    "path": "widgets\/profile-members",
                    "dir": true,
                    "file": false,
                    "perms": "0755",
                    "size": 4096,
                    "sha1": null
                },
                {
                    "path": "widgets\/profile-members\/Controller.php",
                    "dir": false,
                    "file": true,
                    "perms": "0755",
                    "size": 3068,
                    "sha1": "e1a761f5e19635f12b4ee784fda6d74d504e95cd"
                },
                {
                    "path": "widgets\/profile-members\/index.tpl",
                    "dir": false,
                    "file": true,
                    "perms": "0755",
                    "size": 10765,
                    "sha1": "66fd939bf0404d605e4525141e6644ac542d7c3e"
                },
                {
                    "path": "widgets\/profile-photos",
                    "dir": true,
                    "file": false,
                    "perms": "0755",
                    "size": 4096,
                    "sha1": null
                },
                {
                    "path": "widgets\/profile-photos\/Controller.php",
                    "dir": false,
                    "file": true,
                    "perms": "0755",
                    "size": 1889,
                    "sha1": "f94a58a1289fdf8ee4563383aeb59db43ab62a60"
                },
                {
                    "path": "widgets\/profile-photos\/index.tpl",
                    "dir": false,
                    "file": true,
                    "perms": "0755",
                    "size": 2103,
                    "sha1": "d1113b932882b1fe060a56fb5483aa084ca8ec1e"
                },
                {
                    "path": "widgets\/list-categories",
                    "dir": true,
                    "file": false,
                    "perms": "0755",
                    "size": 4096,
                    "sha1": null
                },
                {
                    "path": "widgets\/list-categories\/Controller.php",
                    "dir": false,
                    "file": true,
                    "perms": "0644",
                    "size": 792,
                    "sha1": "31fe168768a724e04aaae278367bad8e601c2c24"
                },
                {
                    "path": "widgets\/list-categories\/index.tpl",
                    "dir": false,
                    "file": true,
                    "perms": "0644",
                    "size": 396,
                    "sha1": "a80cc4353ef5a7247b5a2e3b6eaf32adc010731e"
                },
                {
                    "path": "widgets\/profile-info",
                    "dir": true,
                    "file": false,
                    "perms": "0755",
                    "size": 4096,
                    "sha1": null
                },
                {
                    "path": "widgets\/profile-info\/Controller.php",
                    "dir": false,
                    "file": true,
                    "perms": "0755",
                    "size": 1518,
                    "sha1": "cf94c6430a529a0b2163a371f44a2fa3702c12a8"
                },
                {
                    "path": "widgets\/profile-info\/index.tpl",
                    "dir": false,
                    "file": true,
                    "perms": "0755",
                    "size": 2346,
                    "sha1": "9a81658f270709e06b1e1f9a7982c05c483786a1"
                },
                {
                    "path": "widgets\/profile-status",
                    "dir": true,
                    "file": false,
                    "perms": "0755",
                    "size": 4096,
                    "sha1": null
                },
                {
                    "path": "widgets\/profile-status\/Controller.php",
                    "dir": false,
                    "file": true,
                    "perms": "0755",
                    "size": 1022,
                    "sha1": "a18f5deba77ae93c02349c3fae2f44f23c134420"
                },
                {
                    "path": "widgets\/profile-status\/index.tpl",
                    "dir": false,
                    "file": true,
                    "perms": "0755",
                    "size": 392,
                    "sha1": "d903abd66da71d4dcac79526a7a045ec9080d29f"
                },
                {
                    "path": "widgets\/profile-options",
                    "dir": true,
                    "file": false,
                    "perms": "0755",
                    "size": 4096,
                    "sha1": null
                },
                {
                    "path": "widgets\/profile-options\/Controller.php",
                    "dir": false,
                    "file": true,
                    "perms": "0755",
                    "size": 1106,
                    "sha1": "764a21f96b3797aa3f03a650c2851e796e24eb8d"
                },
                {
                    "path": "widgets\/profile-options\/index.tpl",
                    "dir": false,
                    "file": true,
                    "perms": "0755",
                    "size": 580,
                    "sha1": "52ec19a8651ebed5c97689530310fb57afe8ec71"
                },
                {
                    "path": "widgets\/profile-discussions",
                    "dir": true,
                    "file": false,
                    "perms": "0755",
                    "size": 4096,
                    "sha1": null
                },
                {
                    "path": "widgets\/profile-discussions\/Controller.php",
                    "dir": false,
                    "file": true,
                    "perms": "0755",
                    "size": 2107,
                    "sha1": "1c88db3735c546f4ab64293960fdb70fac21b1ca"
                },
                {
                    "path": "widgets\/profile-discussions\/index.tpl",
                    "dir": false,
                    "file": true,
                    "perms": "0755",
                    "size": 3404,
                    "sha1": "501382728208c64cbf1ac1aff51a735fad8530c6"
                },
                {
                    "path": "widgets\/browse-menu-quick",
                    "dir": true,
                    "file": false,
                    "perms": "0755",
                    "size": 4096,
                    "sha1": null
                },
                {
                    "path": "widgets\/browse-menu-quick\/Controller.php",
                    "dir": false,
                    "file": true,
                    "perms": "0755",
                    "size": 783,
                    "sha1": "d98a23bc8057510b6dddee99033350e504258734"
                },
                {
                    "path": "widgets\/browse-menu-quick\/index.tpl",
                    "dir": false,
                    "file": true,
                    "perms": "0755",
                    "size": 272,
                    "sha1": "13fa164e7bca3d55c3015cf51214e75785618753"
                },
                {
                    "path": "widgets\/browse-menu",
                    "dir": true,
                    "file": false,
                    "perms": "0755",
                    "size": 4096,
                    "sha1": null
                },
                {
                    "path": "widgets\/browse-menu\/Controller.php",
                    "dir": false,
                    "file": true,
                    "perms": "0755",
                    "size": 855,
                    "sha1": "d6a9f7924b74d43f7752740cf82502560379c0ba"
                },
                {
                    "path": "widgets\/browse-menu\/index.tpl",
                    "dir": false,
                    "file": true,
                    "perms": "0755",
                    "size": 288,
                    "sha1": "4738cf711de04fb1dc4c5ee9df32e89fa6997ed1"
                },
                {
                    "path": "widgets\/list-recent-groups",
                    "dir": true,
                    "file": false,
                    "perms": "0755",
                    "size": 4096,
                    "sha1": null
                },
                {
                    "path": "widgets\/list-recent-groups\/Controller.php",
                    "dir": false,
                    "file": true,
                    "perms": "0755",
                    "size": 1673,
                    "sha1": "31257b2f5c72b726c74af9657b799653d12ff0ff"
                },
                {
                    "path": "widgets\/list-recent-groups\/index.tpl",
                    "dir": false,
                    "file": true,
                    "perms": "0755",
                    "size": 1751,
                    "sha1": "2e3a7fc1121306fb3d732ba0ee1b8e7206fa6939"
                },
                {
                    "path": "widgets\/list-popular-groups",
                    "dir": true,
                    "file": false,
                    "perms": "0755",
                    "size": 4096,
                    "sha1": null
                },
                {
                    "path": "widgets\/list-popular-groups\/Controller.php",
                    "dir": false,
                    "file": true,
                    "perms": "0755",
                    "size": 1494,
                    "sha1": "ddfb52d49761897c3f03ad920ea4da714ed24be7"
                },
                {
                    "path": "widgets\/list-popular-groups\/index.tpl",
                    "dir": false,
                    "file": true,
                    "perms": "0755",
                    "size": 2160,
                    "sha1": "f463daf3dc39df62a419e9183815544949adeea0"
                },
                {
                    "path": "widgets\/profile-photo",
                    "dir": true,
                    "file": false,
                    "perms": "0755",
                    "size": 4096,
                    "sha1": null
                },
                {
                    "path": "widgets\/profile-photo\/Controller.php",
                    "dir": false,
                    "file": true,
                    "perms": "0755",
                    "size": 1021,
                    "sha1": "ad9b899af94f8a4790b0ccf4962ca447e15b11b0"
                },
                {
                    "path": "widgets\/profile-photo\/index.tpl",
                    "dir": false,
                    "file": true,
                    "perms": "0755",
                    "size": 397,
                    "sha1": "4cf4d28745e6a02003c721bf4d0fa48c3c872dc9"
                },
                {
                    "path": "Api",
                    "dir": true,
                    "file": false,
                    "perms": "0755",
                    "size": 4096,
                    "sha1": null
                },
                {
                    "path": "Api\/Core.php",
                    "dir": false,
                    "file": true,
                    "perms": "0755",
                    "size": 512,
                    "sha1": "40d9cdfdb2b90082b80df82127469ff93595ebdc"
                },
                {
                    "path": "views",
                    "dir": true,
                    "file": false,
                    "perms": "0755",
                    "size": 4096,
                    "sha1": null
                },
                {
                    "path": "views\/scripts",
                    "dir": true,
                    "file": false,
                    "perms": "0755",
                    "size": 4096,
                    "sha1": null
                },
                {
                    "path": "views\/scripts\/index",
                    "dir": true,
                    "file": false,
                    "perms": "0755",
                    "size": 4096,
                    "sha1": null
                },
                {
                    "path": "views\/scripts\/index\/list.tpl",
                    "dir": false,
                    "file": true,
                    "perms": "0755",
                    "size": 285,
                    "sha1": "0317f70e998d401a7a5252f0b1cd0d61feb7ebed"
                },
                {
                    "path": "views\/scripts\/index\/manage.tpl",
                    "dir": false,
                    "file": true,
                    "perms": "0755",
                    "size": 3431,
                    "sha1": "0427fc043ec8c80fad900edc95080b477ed51972"
                },
                {
                    "path": "views\/scripts\/index\/browse.tpl",
                    "dir": false,
                    "file": true,
                    "perms": "0755",
                    "size": 3132,
                    "sha1": "ffc1d2224f0c410bce1a4c52e69fe578952a781b"
                },
                {
                    "path": "views\/scripts\/index\/upload-photo.tpl",
                    "dir": false,
                    "file": true,
                    "perms": "0755",
                    "size": 985,
                    "sha1": "6f7883e16cf61e3a0d86b1e9801a60607b81d7cc"
                },
                {
                    "path": "views\/scripts\/index\/create.tpl",
                    "dir": false,
                    "file": true,
                    "perms": "0755",
                    "size": 429,
                    "sha1": "0d652280ad4814d3597d124a6bf39a3bac1ada92"
                },
                {
                    "path": "views\/scripts\/admin-settings",
                    "dir": true,
                    "file": false,
                    "perms": "0755",
                    "size": 4096,
                    "sha1": null
                },
                {
                    "path": "views\/scripts\/admin-settings\/delete.tpl",
                    "dir": false,
                    "file": true,
                    "perms": "0755",
                    "size": 1095,
                    "sha1": "f876747dcd9079d720c7a413e8d8f5758bae62e2"
                },
                {
                    "path": "views\/scripts\/admin-settings\/form.tpl",
                    "dir": false,
                    "file": true,
                    "perms": "0755",
                    "size": 481,
                    "sha1": "19a91b7e8718ea95c3dce723b609781000e20f44"
                },
                {
                    "path": "views\/scripts\/admin-settings\/categories.tpl",
                    "dir": false,
                    "file": true,
                    "perms": "0755",
                    "size": 2842,
                    "sha1": "b407e1df9f7b32463ffbe5d86a32ea1ab9b16a68"
                },
                {
                    "path": "views\/scripts\/admin-settings\/index.tpl",
                    "dir": false,
                    "file": true,
                    "perms": "0755",
                    "size": 704,
                    "sha1": "5ae914f670b845d4d467c42abad5bd8f147db9dc"
                },
                {
                    "path": "views\/scripts\/admin-settings\/level.tpl",
                    "dir": false,
                    "file": true,
                    "perms": "0755",
                    "size": 895,
                    "sha1": "32a129ded851fd4027f412e99c53cd627e951fd9"
                },
                {
                    "path": "views\/scripts\/member",
                    "dir": true,
                    "file": false,
                    "perms": "0755",
                    "size": 4096,
                    "sha1": null
                },
                {
                    "path": "views\/scripts\/member\/promote.tpl",
                    "dir": false,
                    "file": true,
                    "perms": "0755",
                    "size": 369,
                    "sha1": "6f5d806d924de3006b53a39cdab922e28df03670"
                },
                {
                    "path": "views\/scripts\/member\/demote.tpl",
                    "dir": false,
                    "file": true,
                    "perms": "0755",
                    "size": 367,
                    "sha1": "d9daf912887d9e0aad1200427deb35f9b87b87e3"
                },
                {
                    "path": "views\/scripts\/member\/leave.tpl",
                    "dir": false,
                    "file": true,
                    "perms": "0755",
                    "size": 382,
                    "sha1": "11d13df1f331bf5dd3674974b590189be4df75ac"
                },
                {
                    "path": "views\/scripts\/member\/approve.tpl",
                    "dir": false,
                    "file": true,
                    "perms": "0755",
                    "size": 384,
                    "sha1": "46d0b356efed85ae5c9e7bba28c11ba805bfca5b"
                },
                {
                    "path": "views\/scripts\/member\/accept.tpl",
                    "dir": false,
                    "file": true,
                    "perms": "0755",
                    "size": 383,
                    "sha1": "28b92f53c9eb66f1c87bf3180bbb9d356b5aca6c"
                },
                {
                    "path": "views\/scripts\/member\/reject.tpl",
                    "dir": false,
                    "file": true,
                    "perms": "0755",
                    "size": 382,
                    "sha1": "98269837ed2dc059e1cbafaf6b80b8ea37537f7f"
                },
                {
                    "path": "views\/scripts\/member\/cancel.tpl",
                    "dir": false,
                    "file": true,
                    "perms": "0755",
                    "size": 383,
                    "sha1": "1454004743dda0287a3015b848405371ac3cd74c"
                },
                {
                    "path": "views\/scripts\/member\/invite.tpl",
                    "dir": false,
                    "file": true,
                    "perms": "0755",
                    "size": 615,
                    "sha1": "0747d35fb4fba629a726db013c6091b8c37b37c3"
                },
                {
                    "path": "views\/scripts\/member\/join.tpl",
                    "dir": false,
                    "file": true,
                    "perms": "0755",
                    "size": 380,
                    "sha1": "261d4de8a9652dca6c1aeaab9944f5845baac8a3"
                },
                {
                    "path": "views\/scripts\/member\/remove.tpl",
                    "dir": false,
                    "file": true,
                    "perms": "0755",
                    "size": 367,
                    "sha1": "2defaa32cbdd2ac10fe36b000b868dbcba4f58f4"
                },
                {
                    "path": "views\/scripts\/member\/edit.tpl",
                    "dir": false,
                    "file": true,
                    "perms": "0755",
                    "size": 381,
                    "sha1": "2c6d5c45ecddc678552455d83468ce6c625331f1"
                },
                {
                    "path": "views\/scripts\/member\/request.tpl",
                    "dir": false,
                    "file": true,
                    "perms": "0755",
                    "size": 384,
                    "sha1": "757b8b03eabf010ae0fb1beb07b8bfef3c3ef9f1"
                },
                {
                    "path": "views\/scripts\/post",
                    "dir": true,
                    "file": false,
                    "perms": "0755",
                    "size": 4096,
                    "sha1": null
                },
                {
                    "path": "views\/scripts\/post\/delete.tpl",
                    "dir": false,
                    "file": true,
                    "perms": "0755",
                    "size": 381,
                    "sha1": "6aea3cca7856cc03a0bd5301a03c85da8a2d8dbd"
                },
                {
                    "path": "views\/scripts\/post\/edit.tpl",
                    "dir": false,
                    "file": true,
                    "perms": "0755",
                    "size": 379,
                    "sha1": "49a4356806fe51030dc3a7baf597cf8deb963bdc"
                },
                {
                    "path": "views\/scripts\/widget",
                    "dir": true,
                    "file": false,
                    "perms": "0755",
                    "size": 4096,
                    "sha1": null
                },
                {
                    "path": "views\/scripts\/widget\/request-group.tpl",
                    "dir": false,
                    "file": true,
                    "perms": "0755",
                    "size": 2474,
                    "sha1": "deb1ccf3812900a2baff9603986aa1f9da9b4334"
                },
                {
                    "path": "views\/scripts\/topic",
                    "dir": true,
                    "file": false,
                    "perms": "0755",
                    "size": 4096,
                    "sha1": null
                },
                {
                    "path": "views\/scripts\/topic\/delete.tpl",
                    "dir": false,
                    "file": true,
                    "perms": "0755",
                    "size": 368,
                    "sha1": "115e99d593a8512da8eece18a0d7a0c96e9cae57"
                },
                {
                    "path": "views\/scripts\/topic\/post.tpl",
                    "dir": false,
                    "file": true,
                    "perms": "0755",
                    "size": 567,
                    "sha1": "4a3a9c2721f75664f679f890caa955428bf1b3f9"
                },
                {
                    "path": "views\/scripts\/topic\/view.tpl",
                    "dir": false,
                    "file": true,
                    "perms": "0755",
                    "size": 9341,
                    "sha1": "f8fe22dfe7452bd4811546df55352a6477c6f5ee"
                },
                {
                    "path": "views\/scripts\/topic\/rename.tpl",
                    "dir": false,
                    "file": true,
                    "perms": "0755",
                    "size": 380,
                    "sha1": "eeb20e4031e6bfda2001be0e80dad2a5626a3fa3"
                },
                {
                    "path": "views\/scripts\/topic\/index.tpl",
                    "dir": false,
                    "file": true,
                    "perms": "0755",
                    "size": 2794,
                    "sha1": "c1348402de5bbe014653e9acae023bbd74967b32"
                },
                {
                    "path": "views\/scripts\/topic\/create.tpl",
                    "dir": false,
                    "file": true,
                    "perms": "0755",
                    "size": 455,
                    "sha1": "e129f7782d5ce3d8bdada96602aab799cf02c10f"
                },
                {
                    "path": "views\/scripts\/photo",
                    "dir": true,
                    "file": false,
                    "perms": "0755",
                    "size": 4096,
                    "sha1": null
                },
                {
                    "path": "views\/scripts\/photo\/list.tpl",
                    "dir": false,
                    "file": true,
                    "perms": "0755",
                    "size": 1514,
                    "sha1": "0cbd1061c0b7bc1ceb7944a407a45e7d41f56be6"
                },
                {
                    "path": "views\/scripts\/photo\/delete.tpl",
                    "dir": false,
                    "file": true,
                    "perms": "0755",
                    "size": 368,
                    "sha1": "115e99d593a8512da8eece18a0d7a0c96e9cae57"
                },
                {
                    "path": "views\/scripts\/photo\/view.tpl",
                    "dir": false,
                    "file": true,
                    "perms": "0755",
                    "size": 7131,
                    "sha1": "f908f2e75037c70727306847108786f57d76a899"
                },
                {
                    "path": "views\/scripts\/photo\/upload.tpl",
                    "dir": false,
                    "file": true,
                    "perms": "0755",
                    "size": 454,
                    "sha1": "708828e645e13e1da7d98272cab63ebfd4de3f32"
                },
                {
                    "path": "views\/scripts\/photo\/edit.tpl",
                    "dir": false,
                    "file": true,
                    "perms": "0755",
                    "size": 367,
                    "sha1": "4e96d124649fb62130603460922745448c587ca3"
                },
                {
                    "path": "views\/scripts\/admin-manage",
                    "dir": true,
                    "file": false,
                    "perms": "0755",
                    "size": 4096,
                    "sha1": null
                },
                {
                    "path": "views\/scripts\/admin-manage\/delete.tpl",
                    "dir": false,
                    "file": true,
                    "perms": "0755",
                    "size": 1094,
                    "sha1": "cc51208f2c59636c86318a983d4cfeadeadf7406"
                },
                {
                    "path": "views\/scripts\/admin-manage\/index.tpl",
                    "dir": false,
                    "file": true,
                    "perms": "0755",
                    "size": 3584,
                    "sha1": "a0baa710720d800f087832a9a4e4a948dc24bd0a"
                },
                {
                    "path": "views\/scripts\/group",
                    "dir": true,
                    "file": false,
                    "perms": "0755",
                    "size": 4096,
                    "sha1": null
                },
                {
                    "path": "views\/scripts\/group\/delete.tpl",
                    "dir": false,
                    "file": true,
                    "perms": "0755",
                    "size": 346,
                    "sha1": "45a6430905565b33a4bcbe41bfd882033bb4b9fe"
                },
                {
                    "path": "views\/scripts\/group\/style.tpl",
                    "dir": false,
                    "file": true,
                    "perms": "0755",
                    "size": 326,
                    "sha1": "c40a88531b65d55847c7e8e8ba7caa509843a3ce"
                },
                {
                    "path": "views\/scripts\/group\/edit.tpl",
                    "dir": false,
                    "file": true,
                    "perms": "0755",
                    "size": 472,
                    "sha1": "c545b9e53acc2dbe992ac63283d7ce3a3adb186d"
                },
                {
                    "path": "settings",
                    "dir": true,
                    "file": false,
                    "perms": "0755",
                    "size": 4096,
                    "sha1": null
                },
                {
                    "path": "settings\/install.php",
                    "dir": false,
                    "file": true,
                    "perms": "0755",
                    "size": 20199,
                    "sha1": "3f51c0d812faa7d31e1856c9f7623b0927d41ab6"
                },
                {
                    "path": "settings\/my-upgrade-4.6.0-4.7.0.sql",
                    "dir": false,
                    "file": true,
                    "perms": "0755",
                    "size": 158,
                    "sha1": "34b3976596d905b66d69cb12b32109fc9579c802"
                },
                {
                    "path": "settings\/my-upgrade-4.0.1-4.0.2.sql",
                    "dir": false,
                    "file": true,
                    "perms": "0755",
                    "size": 5451,
                    "sha1": "87f2adff0aeb0de05848d69b4b066171209d1b8c"
                },
                {
                    "path": "settings\/content.php",
                    "dir": false,
                    "file": true,
                    "perms": "0755",
                    "size": 5970,
                    "sha1": "241a2ccec682f5af4f47a475558cb37f2edead09"
                },
                {
                    "path": "settings\/manifest.php",
                    "dir": false,
                    "file": true,
                    "perms": "0755",
                    "size": 3582,
                    "sha1": "d3a32e4f18be26b40dc3712e60837ba3a67e3483"
                },
                {
                    "path": "settings\/my-upgrade-4.0.3-4.0.4.sql",
                    "dir": false,
                    "file": true,
                    "perms": "0755",
                    "size": 2471,
                    "sha1": "b6d6ebe7164b7c99d6fb680d9ec70899da6f0e81"
                },
                {
                    "path": "settings\/my-upgrade-4.0.0-4.0.1.sql",
                    "dir": false,
                    "file": true,
                    "perms": "0755",
                    "size": 1042,
                    "sha1": "b959085f8fb6b7a15318c9d81318b21f4cba550d"
                },
                {
                    "path": "settings\/my-upgrade-4.1.3-4.1.4.sql",
                    "dir": false,
                    "file": true,
                    "perms": "0755",
                    "size": 226,
                    "sha1": "4a860d9d89981f2403d87daca1d4e09869265cd8"
                },
                {
                    "path": "settings\/my-upgrade-4.1.1-4.1.2.sql",
                    "dir": false,
                    "file": true,
                    "perms": "0755",
                    "size": 105,
                    "sha1": "529194a47b2ebe72eef49da7a76213f84563cca7"
                },
                {
                    "path": "settings\/my.sql",
                    "dir": false,
                    "file": true,
                    "perms": "0755",
                    "size": 23729,
                    "sha1": "7b0f1ef56a8e4f49b9b0666a215566f5cfe0211a"
                },
                {
                    "path": "settings\/my-upgrade-4.0.5-4.1.0.sql",
                    "dir": false,
                    "file": true,
                    "perms": "0755",
                    "size": 3236,
                    "sha1": "2d99a9222fdfe7bbb15e9231bb5de73b75fec403"
                },
                {
                    "path": "settings\/my-upgrade-4.0.4-4.0.5.sql",
                    "dir": false,
                    "file": true,
                    "perms": "0755",
                    "size": 1112,
                    "sha1": "790690b90ca5d9883d1efdaaa261ee1277233f20"
                },
                {
                    "path": "settings\/my-upgrade-4.1.5-4.1.6.sql",
                    "dir": false,
                    "file": true,
                    "perms": "0755",
                    "size": 99,
                    "sha1": "9a233da81c7a054eac5da1a304926cacef0c50a2"
                },
                {
                    "path": "settings\/my-upgrade-4.2.9-4.3.0.sql",
                    "dir": false,
                    "file": true,
                    "perms": "0755",
                    "size": 391,
                    "sha1": "cf954c6eacf8bb73da11831922d3381437ce8385"
                },
                {
                    "path": "settings\/my-upgrade-4.1.4-4.1.5.sql",
                    "dir": false,
                    "file": true,
                    "perms": "0755",
                    "size": 159,
                    "sha1": "95016e2ccc35b76f1ebdf733a21e538db865d392"
                },
                {
                    "path": "settings\/my-upgrade-4.8.12-4.9.0.sql",
                    "dir": false,
                    "file": true,
                    "perms": "0644",
                    "size": 3064,
                    "sha1": "bb860cd014f886ab477d3585b775dbeedad0639e"
                },
                {
                    "path": "settings\/my-upgrade-4.2.7-4.2.8.sql",
                    "dir": false,
                    "file": true,
                    "perms": "0755",
                    "size": 992,
                    "sha1": "c2fbbca03e18c2c901ab3fc3b1babe1eee6d602e"
                },
                {
                    "path": "Model",
                    "dir": true,
                    "file": false,
                    "perms": "0755",
                    "size": 4096,
                    "sha1": null
                },
                {
                    "path": "Model\/List.php",
                    "dir": false,
                    "file": true,
                    "perms": "0755",
                    "size": 722,
                    "sha1": "9ac23ef22c7c4520f33d65721b5952b7760b7de8"
                },
                {
                    "path": "Model\/Category.php",
                    "dir": false,
                    "file": true,
                    "perms": "0755",
                    "size": 1210,
                    "sha1": "1c5f508f1930bfe65bce8fb17fe80c8594b516cb"
                },
                {
                    "path": "Model\/Group.php",
                    "dir": false,
                    "file": true,
                    "perms": "0755",
                    "size": 7504,
                    "sha1": "4e7dfa5f64747a43434f3fd48e2abcb4f6df6096"
                },
                {
                    "path": "Model\/Photo.php",
                    "dir": false,
                    "file": true,
                    "perms": "0755",
                    "size": 5979,
                    "sha1": "6bbfeeb861e4b2e81866223e91c98a57943f4f28"
                },
                {
                    "path": "Model\/Post.php",
                    "dir": false,
                    "file": true,
                    "perms": "0755",
                    "size": 3650,
                    "sha1": "8bb4192321fe602aebd18d984662ea971bec8056"
                },
                {
                    "path": "Model\/Album.php",
                    "dir": false,
                    "file": true,
                    "perms": "0755",
                    "size": 1744,
                    "sha1": "4a88f19eacb57aaeaeffdf701b47af716800b6c0"
                },
                {
                    "path": "Model\/Exception.php",
                    "dir": false,
                    "file": true,
                    "perms": "0755",
                    "size": 518,
                    "sha1": "a733e8437f26940b826fb11341fa7c14ca812593"
                },
                {
                    "path": "Model\/Topic.php",
                    "dir": false,
                    "file": true,
                    "perms": "0755",
                    "size": 3562,
                    "sha1": "17ff5b862589e53895e67a658440e5e3af4a55f5"
                },
                {
                    "path": "Model\/DbTable",
                    "dir": true,
                    "file": false,
                    "perms": "0755",
                    "size": 4096,
                    "sha1": null
                },
                {
                    "path": "Model\/DbTable\/Groups.php",
                    "dir": false,
                    "file": true,
                    "perms": "0755",
                    "size": 1995,
                    "sha1": "05721d8bfecf0009e4b605787d9d1cadbd751968"
                },
                {
                    "path": "Model\/DbTable\/Albums.php",
                    "dir": false,
                    "file": true,
                    "perms": "0755",
                    "size": 566,
                    "sha1": "70b2f9c87a115b18ad723e0516849ccc87d6c9ea"
                },
                {
                    "path": "Model\/DbTable\/Membership.php",
                    "dir": false,
                    "file": true,
                    "perms": "0755",
                    "size": 852,
                    "sha1": "85e21e061d672f69f12b177f02625ecdf8738783"
                },
                {
                    "path": "Model\/DbTable\/Lists.php",
                    "dir": false,
                    "file": true,
                    "perms": "0755",
                    "size": 563,
                    "sha1": "11ef5abf0c350f15ac83fe5bc8df42411634a184"
                },
                {
                    "path": "Model\/DbTable\/ListItems.php",
                    "dir": false,
                    "file": true,
                    "perms": "0755",
                    "size": 575,
                    "sha1": "26f20f0943e9055dc53ba7ba12dbf21ab1f66be3"
                },
                {
                    "path": "Model\/DbTable\/Categories.php",
                    "dir": false,
                    "file": true,
                    "perms": "0755",
                    "size": 919,
                    "sha1": "691d4de3dcd989e4162f3bce172e8df80b585515"
                },
                {
                    "path": "Model\/DbTable\/Topics.php",
                    "dir": false,
                    "file": true,
                    "perms": "0755",
                    "size": 729,
                    "sha1": "805e00e5cd50bbfd8185c3ad0154a1a3bf3fa9ab"
                },
                {
                    "path": "Model\/DbTable\/Posts.php",
                    "dir": false,
                    "file": true,
                    "perms": "0755",
                    "size": 722,
                    "sha1": "0d1594bfbfe60f5ac6ec82352a7505b7bf63272b"
                },
                {
                    "path": "Model\/DbTable\/Photos.php",
                    "dir": false,
                    "file": true,
                    "perms": "0755",
                    "size": 1662,
                    "sha1": "6aba09f78cf6a5e72a6e5e8fdc3937f756f9e6c8"
                },
                {
                    "path": "Model\/DbTable\/TopicWatches.php",
                    "dir": false,
                    "file": true,
                    "perms": "0755",
                    "size": 535,
                    "sha1": "9edb24302be7d7ef6c0bd8c481eccfa31d614c70"
                },
                {
                    "path": "Model\/ListItem.php",
                    "dir": false,
                    "file": true,
                    "perms": "0755",
                    "size": 524,
                    "sha1": "da1090852ac1f5831e05657feafbf22c07f3c27c"
                },
                {
                    "path": "Form",
                    "dir": true,
                    "file": false,
                    "perms": "0755",
                    "size": 4096,
                    "sha1": null
                },
                {
                    "path": "Form\/Create.php",
                    "dir": false,
                    "file": true,
                    "perms": "0755",
                    "size": 6997,
                    "sha1": "dd448b73785341702228ce7e4f3aa208bd8f200b"
                },
                {
                    "path": "Form\/Post",
                    "dir": true,
                    "file": false,
                    "perms": "0755",
                    "size": 4096,
                    "sha1": null
                },
                {
                    "path": "Form\/Post\/Create.php",
                    "dir": false,
                    "file": true,
                    "perms": "0755",
                    "size": 3090,
                    "sha1": "b0e1a2e089aecb6f0231f9b25e1f80d3908b0e3b"
                },
                {
                    "path": "Form\/Post\/Edit.php",
                    "dir": false,
                    "file": true,
                    "perms": "0755",
                    "size": 2707,
                    "sha1": "61b8c31cb103de0fa62e72ea35b47de85835cd00"
                },
                {
                    "path": "Form\/Post\/Delete.php",
                    "dir": false,
                    "file": true,
                    "perms": "0755",
                    "size": 1207,
                    "sha1": "a0490a11bf2db46d31dbe733296886fd5b352013"
                },
                {
                    "path": "Form\/Admin",
                    "dir": true,
                    "file": false,
                    "perms": "0755",
                    "size": 4096,
                    "sha1": null
                },
                {
                    "path": "Form\/Admin\/Settings",
                    "dir": true,
                    "file": false,
                    "perms": "0755",
                    "size": 4096,
                    "sha1": null
                },
                {
                    "path": "Form\/Admin\/Settings\/Level.php",
                    "dir": false,
                    "file": true,
                    "perms": "0755",
                    "size": 5823,
                    "sha1": "e23d2581ed09150616e4d0ea0ef017f989b61d3c"
                },
                {
                    "path": "Form\/Admin\/Category.php",
                    "dir": false,
                    "file": true,
                    "perms": "0755",
                    "size": 1995,
                    "sha1": "fbe2ba6f7d1b494a5c6b637bab738458487091fb"
                },
                {
                    "path": "Form\/Admin\/Global.php",
                    "dir": false,
                    "file": true,
                    "perms": "0755",
                    "size": 1490,
                    "sha1": "d123fa745bd8b59b2ff6e8d747af0e3d4f5b086e"
                },
                {
                    "path": "Form\/Admin\/Delete.php",
                    "dir": false,
                    "file": true,
                    "perms": "0755",
                    "size": 516,
                    "sha1": "71d6f6250a251ec7efbafa4e375bf13a29d5e97a"
                },
                {
                    "path": "Form\/Style.php",
                    "dir": false,
                    "file": true,
                    "perms": "0755",
                    "size": 1725,
                    "sha1": "5452067f8ae4c08c63ea3e21cbc3a244ebb6a3ac"
                },
                {
                    "path": "Form\/Photo",
                    "dir": true,
                    "file": false,
                    "perms": "0755",
                    "size": 4096,
                    "sha1": null
                },
                {
                    "path": "Form\/Photo\/Upload.php",
                    "dir": false,
                    "file": true,
                    "perms": "0755",
                    "size": 1419,
                    "sha1": "ebb2f52f853d33d8f4ef1a7862d0f02f0cd6b063"
                },
                {
                    "path": "Form\/Photo\/Edit.php",
                    "dir": false,
                    "file": true,
                    "perms": "0755",
                    "size": 1503,
                    "sha1": "3f6d06d15d1dd6d0a08b5949de8ecb35455e186e"
                },
                {
                    "path": "Form\/Photo\/Delete.php",
                    "dir": false,
                    "file": true,
                    "perms": "0755",
                    "size": 1217,
                    "sha1": "6b69b38243464ba639947e28e2911bc846652e24"
                },
                {
                    "path": "Form\/Member",
                    "dir": true,
                    "file": false,
                    "perms": "0755",
                    "size": 4096,
                    "sha1": null
                },
                {
                    "path": "Form\/Member\/Join.php",
                    "dir": false,
                    "file": true,
                    "perms": "0755",
                    "size": 1325,
                    "sha1": "c2b96940f9819befec5bc7977abace1cc7dac412"
                },
                {
                    "path": "Form\/Member\/Demote.php",
                    "dir": false,
                    "file": true,
                    "perms": "0755",
                    "size": 1261,
                    "sha1": "2c63ff437bd98248b52739baa5002c9c53025288"
                },
                {
                    "path": "Form\/Member\/Accept.php",
                    "dir": false,
                    "file": true,
                    "perms": "0755",
                    "size": 1355,
                    "sha1": "5d88af468b67d4e99bcca04229b4366b0dd80940"
                },
                {
                    "path": "Form\/Member\/Promote.php",
                    "dir": false,
                    "file": true,
                    "perms": "0755",
                    "size": 1264,
                    "sha1": "e2a8a6e8f41d97dce1b3ac52c892b49b68427de8"
                },
                {
                    "path": "Form\/Member\/Edit.php",
                    "dir": false,
                    "file": true,
                    "perms": "0755",
                    "size": 1391,
                    "sha1": "de9133d33ab3c15bb6b131765013185384dc6a38"
                },
                {
                    "path": "Form\/Member\/Request.php",
                    "dir": false,
                    "file": true,
                    "perms": "0755",
                    "size": 1374,
                    "sha1": "31b44d3db4d72b33c1d43d055df77670f6d19411"
                },
                {
                    "path": "Form\/Member\/Cancel.php",
                    "dir": false,
                    "file": true,
                    "perms": "0755",
                    "size": 1396,
                    "sha1": "63580de9d991d83567b11e638ad337da816a574b"
                },
                {
                    "path": "Form\/Member\/Remove.php",
                    "dir": false,
                    "file": true,
                    "perms": "0755",
                    "size": 1263,
                    "sha1": "c3f468e10c7035e446447014a9ab565af4b4a5a2"
                },
                {
                    "path": "Form\/Member\/Approve.php",
                    "dir": false,
                    "file": true,
                    "perms": "0755",
                    "size": 1400,
                    "sha1": "f8a1d47fc257f852cc267b503f2ef7f935c9f68e"
                },
                {
                    "path": "Form\/Member\/Leave.php",
                    "dir": false,
                    "file": true,
                    "perms": "0755",
                    "size": 1337,
                    "sha1": "ed74f7e4d0bc9f85b5409273282c417f5ab5d70e"
                },
                {
                    "path": "Form\/Member\/Reject.php",
                    "dir": false,
                    "file": true,
                    "perms": "0755",
                    "size": 1411,
                    "sha1": "74cbbda5c5932b926a6fc9731bfbb775a4b6e5c4"
                },
                {
                    "path": "Form\/Filter",
                    "dir": true,
                    "file": false,
                    "perms": "0755",
                    "size": 4096,
                    "sha1": null
                },
                {
                    "path": "Form\/Filter\/Browse.php",
                    "dir": false,
                    "file": true,
                    "perms": "0755",
                    "size": 2434,
                    "sha1": "9c6cf4adc66bc1042c7705e8222be6acaeb8ba3f"
                },
                {
                    "path": "Form\/Filter\/Manage.php",
                    "dir": false,
                    "file": true,
                    "perms": "0755",
                    "size": 1634,
                    "sha1": "88074f6e8d533aa440687cdc0c313a921b1fdbcc"
                },
                {
                    "path": "Form\/Edit.php",
                    "dir": false,
                    "file": true,
                    "perms": "0755",
                    "size": 7003,
                    "sha1": "d9e88af2159bad278d9cbf61c711ff4a30abba50"
                },
                {
                    "path": "Form\/Invite.php",
                    "dir": false,
                    "file": true,
                    "perms": "0755",
                    "size": 1529,
                    "sha1": "6cab542ed6e649bf1aa7a8e98f06c1bfa2c07511"
                },
                {
                    "path": "Form\/Delete.php",
                    "dir": false,
                    "file": true,
                    "perms": "0755",
                    "size": 1443,
                    "sha1": "f812f2d7e4dd7009abfbdb6ea0b02b69dabc6a28"
                },
                {
                    "path": "Form\/Topic",
                    "dir": true,
                    "file": false,
                    "perms": "0755",
                    "size": 4096,
                    "sha1": null
                },
                {
                    "path": "Form\/Topic\/Rename.php",
                    "dir": false,
                    "file": true,
                    "perms": "0755",
                    "size": 1435,
                    "sha1": "24eee111f3378f810777188b78a384b7878e6c7a"
                },
                {
                    "path": "Form\/Topic\/Create.php",
                    "dir": false,
                    "file": true,
                    "perms": "0755",
                    "size": 3479,
                    "sha1": "9441881923588e5947aeaa7f087d0dc4038ddae3"
                },
                {
                    "path": "Form\/Topic\/Delete.php",
                    "dir": false,
                    "file": true,
                    "perms": "0755",
                    "size": 1209,
                    "sha1": "3a26f6ee142b6e0856534fc19fecf3dafefc8b3d"
                },
                {
                    "path": "Bootstrap.php",
                    "dir": false,
                    "file": true,
                    "perms": "0755",
                    "size": 537,
                    "sha1": "72f000affada7ae0708eb62ed1a865a0dc21d576"
                }
            ]
        },
        "application\/languages\/en\/group.csv": {
            "type": "file",
            "path": "application\/languages\/en\/group.csv",
            "structure": {
                "path": "group.csv",
                "dir": false,
                "file": true,
                "perms": "0755",
                "size": 27085,
                "sha1": "aea5ef50a1e3e917bb64d8c503bb16104450f06c"
            }
        }
    }
}