{
  "type": "module",
  "name": "messages",
  "version": "4.9.1",
  "revision": "10267",
  "path": "application\/modules\/Messages",
  "repository": null,
  "date": "Wed, 26 Apr 2017 15:50:15 +0000",
  "title": "Messages",
  "description": "Messages",
  "thumb": null,
  "developer": null,
  "authors": [
    "Webligo Developments"
  ],
  "meta": {
    "date": "Wed, 26 Apr 2017 15:50:15 +0000",
    "title": "Messages",
    "description": "Messages",
    "developer": null,
    "authors": [
      "Webligo Developments"
    ],
    "changeLog": null
  },
  "actions": [
    "install",
    "upgrade",
    "refresh"
  ],
  "callback": {
    "path": "application\/modules\/Messages\/settings\/install.php",
    "class": "Messages_Installer",
    "priority": 100
  },
  "dependencies": {
    "module-core": {
      "type": "module",
      "name": "core",
      "guid": "module-core",
      "minVersion": "4.2.0",
      "maxVersion": null,
      "excludeExcept": null
    }
  },
  "tests": [
    
  ],
  "permissions": [
    
  ],
  "structure": {
    "application\/modules\/Messages": {
      "type": "directory",
      "path": "application\/modules\/Messages",
      "structure": [
        {
          "path": "externals",
          "dir": true,
          "file": false,
          "perms": "0755",
          "size": 4096,
          "sha1": null
        },
        {
          "path": "externals\/.htaccess",
          "dir": false,
          "file": true,
          "perms": "0644",
          "size": 1042,
          "sha1": "6c835f103d253edf70bfd5ba2430ebe3fa8cacdd"
        },
        {
          "path": "externals\/styles",
          "dir": true,
          "file": false,
          "perms": "0755",
          "size": 4096,
          "sha1": null
        },
        {
          "path": "externals\/styles\/mobile.css",
          "dir": false,
          "file": true,
          "perms": "0644",
          "size": 10292,
          "sha1": "2e690a86aeb9c427134861518f8e5c2a76521b09"
        },
        {
          "path": "externals\/styles\/main.css",
          "dir": false,
          "file": true,
          "perms": "0644",
          "size": 8910,
          "sha1": "d5fedf1d07aadc77d983ff670d828f9f2d9c676f"
        },
        {
          "path": "controllers",
          "dir": true,
          "file": false,
          "perms": "0755",
          "size": 4096,
          "sha1": null
        },
        {
          "path": "controllers\/AdminSettingsController.php",
          "dir": false,
          "file": true,
          "perms": "0644",
          "size": 1241,
          "sha1": "e2f037f7187466a1337e19df01dc320551e8272a"
        },
        {
          "path": "controllers\/MessagesController.php",
          "dir": false,
          "file": true,
          "perms": "0755",
          "size": 21079,
          "sha1": "2d6ffd2ade2b50d319b7392ffbf38db9f8033526"
        },
        {
          "path": "Plugin",
          "dir": true,
          "file": false,
          "perms": "0755",
          "size": 4096,
          "sha1": null
        },
        {
          "path": "Plugin\/Menus.php",
          "dir": false,
          "file": true,
          "perms": "0644",
          "size": 3044,
          "sha1": "4e7ac0092949c028d73a565149d79d2114d482c6"
        },
        {
          "path": "widgets",
          "dir": true,
          "file": false,
          "perms": "0755",
          "size": 4096,
          "sha1": null
        },
        {
          "path": "widgets\/menu",
          "dir": true,
          "file": false,
          "perms": "0755",
          "size": 4096,
          "sha1": null
        },
        {
          "path": "widgets\/menu\/Controller.php",
          "dir": false,
          "file": true,
          "perms": "0644",
          "size": 731,
          "sha1": "0dda03c48c477a87087194e7e45a9a55964516c5"
        },
        {
          "path": "widgets\/menu\/index.tpl",
          "dir": false,
          "file": true,
          "perms": "0644",
          "size": 583,
          "sha1": "7dc823ffdc11041f41bf13c9effda30217fc4229"
        },
        {
          "path": "widgets\/home-messages",
          "dir": true,
          "file": false,
          "perms": "0755",
          "size": 4096,
          "sha1": null
        },
        {
          "path": "widgets\/home-messages\/Controller.php",
          "dir": false,
          "file": true,
          "perms": "0644",
          "size": 1506,
          "sha1": "7788b3f6cba80301799f8e363aff92dd18b401e5"
        },
        {
          "path": "widgets\/home-messages\/index.tpl",
          "dir": false,
          "file": true,
          "perms": "0644",
          "size": 2342,
          "sha1": "064b6d016014e3def4e76434b55de40cfc9d52f1"
        },
        {
          "path": "Api",
          "dir": true,
          "file": false,
          "perms": "0755",
          "size": 4096,
          "sha1": null
        },
        {
          "path": "Api\/Core.php",
          "dir": false,
          "file": true,
          "perms": "0644",
          "size": 1576,
          "sha1": "f43306fa2a5f140041c9aa40a1b748f5f26b9473"
        },
        {
          "path": "views",
          "dir": true,
          "file": false,
          "perms": "0755",
          "size": 4096,
          "sha1": null
        },
        {
          "path": "views\/scripts",
          "dir": true,
          "file": false,
          "perms": "0755",
          "size": 4096,
          "sha1": null
        },
        {
          "path": "views\/scripts\/messages",
          "dir": true,
          "file": false,
          "perms": "0755",
          "size": 4096,
          "sha1": null
        },
        {
          "path": "views\/scripts\/messages\/delete.tpl",
          "dir": false,
          "file": true,
          "perms": "0644",
          "size": 1108,
          "sha1": "64ecff51d6817851078def908af3f15fafa77c6a"
        },
        {
          "path": "views\/scripts\/messages\/search.tpl",
          "dir": false,
          "file": true,
          "perms": "0755",
          "size": 4254,
          "sha1": "976c2bb4f7d93035ff2858f39aa79001aca6ed38"
        },
        {
          "path": "views\/scripts\/messages\/outbox.tpl",
          "dir": false,
          "file": true,
          "perms": "0755",
          "size": 4690,
          "sha1": "ec4a2937b016f4f5ad306d5383dcf4e5d63e08e4"
        },
        {
          "path": "views\/scripts\/messages\/compose.tpl",
          "dir": false,
          "file": true,
          "perms": "0644",
          "size": 6924,
          "sha1": "4276db2e7959901af1c5d641a11614d996fad11b"
        },
        {
          "path": "views\/scripts\/messages\/view.tpl",
          "dir": false,
          "file": true,
          "perms": "0755",
          "size": 6519,
          "sha1": "4b9cfbcea14530578c7b64fed8dc7b567ad26e52"
        },
        {
          "path": "views\/scripts\/messages\/inbox.tpl",
          "dir": false,
          "file": true,
          "perms": "0755",
          "size": 5539,
          "sha1": "8076f8b5ee5acb79b9726617af59846c208b349c"
        },
        {
          "path": "views\/scripts\/messages\/upload-photo.tpl",
          "dir": false,
          "file": true,
          "perms": "0644",
          "size": 1022,
          "sha1": "1195e3c674bf94a065d81f433caec39641e0c1b8"
        },
        {
          "path": "views\/scripts\/messages\/success.tpl",
          "dir": false,
          "file": true,
          "perms": "0644",
          "size": 373,
          "sha1": "f60a2f5f391f3c292db97edf296b83c27ada3cff"
        },
        {
          "path": "views\/scripts\/admin-settings",
          "dir": true,
          "file": false,
          "perms": "0755",
          "size": 4096,
          "sha1": null
        },
        {
          "path": "views\/scripts\/admin-settings\/level.tpl",
          "dir": false,
          "file": true,
          "perms": "0644",
          "size": 546,
          "sha1": "fd748ed681ade2f4e2121cff9093bb76fa085864"
        },
        {
          "path": "settings",
          "dir": true,
          "file": false,
          "perms": "0755",
          "size": 4096,
          "sha1": null
        },
        {
          "path": "settings\/install.php",
          "dir": false,
          "file": true,
          "perms": "0644",
          "size": 9255,
          "sha1": "d8942de28c2a3ab424116dab5664828afe63782c"
        },
        {
          "path": "settings\/my-upgrade-4.2.8-4.2.9.sql",
          "dir": false,
          "file": true,
          "perms": "0644",
          "size": 263,
          "sha1": "3576ffb59c5ecd34f0b1821ddbc0051ae4c49d5e"
        },
        {
          "path": "settings\/my-upgrade-4.0.1-4.0.2.sql",
          "dir": false,
          "file": true,
          "perms": "0644",
          "size": 279,
          "sha1": "2537a542ecefa9c1f91c50355a7554db4dec0a73"
        },
        {
          "path": "settings\/content.php",
          "dir": false,
          "file": true,
          "perms": "0644",
          "size": 994,
          "sha1": "6df629a2da31db722d1ad25680d7fee5336c23e3"
        },
        {
          "path": "settings\/manifest.php",
          "dir": false,
          "file": true,
          "perms": "0755",
          "size": 1905,
          "sha1": "724f6fca3c335d5e70121811b1d7260de231b2ad"
        },
        {
          "path": "settings\/my-upgrade-4.0.3-4.0.4.sql",
          "dir": false,
          "file": true,
          "perms": "0644",
          "size": 1663,
          "sha1": "d3da32376bf27bf7853498fd3c9f4ea15517af52"
        },
        {
          "path": "settings\/my-upgrade-4.1.1-4.1.2.sql",
          "dir": false,
          "file": true,
          "perms": "0644",
          "size": 1151,
          "sha1": "519d4fca2c81b50f13535a2dc9179cab2d5591fd"
        },
        {
          "path": "settings\/my-upgrade-4.0.2-4.0.3.sql",
          "dir": false,
          "file": true,
          "perms": "0644",
          "size": 160,
          "sha1": "dfc4989748122538511fa3c463b748d7dc841fef"
        },
        {
          "path": "settings\/my.sql",
          "dir": false,
          "file": true,
          "perms": "0755",
          "size": 6075,
          "sha1": "bdfa4a800ad92b15136230ad9bf3281a545aec57"
        },
        {
          "path": "Model",
          "dir": true,
          "file": false,
          "perms": "0755",
          "size": 4096,
          "sha1": null
        },
        {
          "path": "Model\/Recipient.php",
          "dir": false,
          "file": true,
          "perms": "0644",
          "size": 520,
          "sha1": "f8a3afd98ba37d174e0d30fa7fd5a6fe400f1e9d"
        },
        {
          "path": "Model\/Conversation.php",
          "dir": false,
          "file": true,
          "perms": "0755",
          "size": 6465,
          "sha1": "677e5c561d1b23d067af1b0eba86420b4c3ae307"
        },
        {
          "path": "Model\/Message.php",
          "dir": false,
          "file": true,
          "perms": "0644",
          "size": 1867,
          "sha1": "eceb3e5315a22e16f85fb3ed4aeb36ba91dd15cd"
        },
        {
          "path": "Model\/Exception.php",
          "dir": false,
          "file": true,
          "perms": "0644",
          "size": 515,
          "sha1": "e461e3890f82b3ddc440cc025806d0e851b5eec1"
        },
        {
          "path": "Model\/DbTable",
          "dir": true,
          "file": false,
          "perms": "0755",
          "size": 4096,
          "sha1": null
        },
        {
          "path": "Model\/DbTable\/Conversations.php",
          "dir": false,
          "file": true,
          "perms": "0644",
          "size": 7228,
          "sha1": "a01591dbda91156017b43cd6484259b755ff4682"
        },
        {
          "path": "Model\/DbTable\/Messages.php",
          "dir": false,
          "file": true,
          "perms": "0644",
          "size": 572,
          "sha1": "9ebbbd745cfdd2d60a04ae7c982617797b1435c1"
        },
        {
          "path": "Model\/DbTable\/Recipients.php",
          "dir": false,
          "file": true,
          "perms": "0644",
          "size": 578,
          "sha1": "84e656ff696fbb48a12e08f86ec8e8a49e6aa75d"
        },
        {
          "path": "Form",
          "dir": true,
          "file": false,
          "perms": "0755",
          "size": 4096,
          "sha1": null
        },
        {
          "path": "Form\/Admin",
          "dir": true,
          "file": false,
          "perms": "0755",
          "size": 4096,
          "sha1": null
        },
        {
          "path": "Form\/Admin\/Level.php",
          "dir": false,
          "file": true,
          "perms": "0644",
          "size": 1904,
          "sha1": "c94d7d49da685347a460f6cc4c14a30db49c1bab"
        },
        {
          "path": "Form\/Reply.php",
          "dir": false,
          "file": true,
          "perms": "0644",
          "size": 2105,
          "sha1": "fcde12614c56f96a26fd62c42d8becba08a333a6"
        },
        {
          "path": "Form\/Compose.php",
          "dir": false,
          "file": true,
          "perms": "0755",
          "size": 3251,
          "sha1": "7ba34104b05e7abdbae836d6e52d4af1bbdd455e"
        },
        {
          "path": "Bootstrap.php",
          "dir": false,
          "file": true,
          "perms": "0644",
          "size": 534,
          "sha1": "a822639abe2d2f49b0425fcfcd15fc7adac37382"
        }
      ]
    },
    "application\/languages\/en\/messages.csv": {
      "type": "file",
      "path": "application\/languages\/en\/messages.csv",
      "structure": {
        "path": "messages.csv",
        "dir": false,
        "file": true,
        "perms": "0644",
        "size": 2993,
        "sha1": "b6611254ca6069a66f0be0b7fcc1cea01c2192d0"
      }
    }
  }
}