{
  "type": "module",
  "name": "timeline",
  "version": "4.2.5p9",
  "revision": null,
  "path": "application\/modules\/Timeline",
  "repository": null,
  "date": "Wed, 08 May 2013 13:48:45 +0000",
  "title": "Timeline",
  "description": "",
  "thumb": null,
  "developer": null,
  "authors": [
    "WebHive Team"
  ],
  "changeLog": null,
  "meta": {
    "date": "Wed, 08 May 2013 13:48:45 +0000",
    "title": "Timeline",
    "description": "",
    "developer": null,
    "authors": [
      "WebHive Team"
    ],
    "changeLog": null
  },
  "actions": [
    "install",
    "upgrade",
    "refresh",
    "enable",
    "disable"
  ],
  "callback": {
    "path": "application\/modules\/Timeline\/settings\/install.php",
    "class": "Timeline_Installer",
    "priority": 100
  },
  "dependencies": {
    "module-core": {
      "type": "module",
      "name": "core",
      "guid": "module-core",
      "minVersion": "4.2.2",
      "maxVersion": null,
      "excludeExcept": null
    }
  },
  "tests": [
    
  ],
  "permissions": [
    
  ],
  "structure": {
    "application\/modules\/Timeline": {
      "type": "directory",
      "path": "application\/modules\/Timeline",
      "structure": [
        {
          "path": "widgets",
          "dir": true,
          "file": false,
          "perms": "2770",
          "size": 4096,
          "sha1": null
        },
        {
          "path": "widgets\/cover",
          "dir": true,
          "file": false,
          "perms": "2770",
          "size": 4096,
          "sha1": null
        },
        {
          "path": "widgets\/cover\/index.tpl",
          "dir": false,
          "file": true,
          "perms": "0770",
          "size": 8936,
          "sha1": "bd7ef5d33ef698c8c1118da5f6a7dbfaa3588ebc"
        },
        {
          "path": "widgets\/cover\/Controller.php",
          "dir": false,
          "file": true,
          "perms": "0660",
          "size": 4757,
          "sha1": "c53cf1e548e87cca124b2c7312e4b10343024e06"
        },
        {
          "path": "widgets\/feed",
          "dir": true,
          "file": false,
          "perms": "2770",
          "size": 4096,
          "sha1": null
        },
        {
          "path": "widgets\/feed\/index.tpl",
          "dir": false,
          "file": true,
          "perms": "0660",
          "size": 9997,
          "sha1": "3deac4ff8ff954d77eb3775acaaf26c3ff9f2751"
        },
        {
          "path": "widgets\/feed\/Controller.php",
          "dir": false,
          "file": true,
          "perms": "0660",
          "size": 1263,
          "sha1": "7b4343d7b9562fb2ed467771bf2421d67ec6782a"
        },
        {
          "path": "widgets\/container-tabs",
          "dir": true,
          "file": false,
          "perms": "2770",
          "size": 4096,
          "sha1": null
        },
        {
          "path": "widgets\/container-tabs\/index.tpl",
          "dir": false,
          "file": true,
          "perms": "0660",
          "size": 5348,
          "sha1": "c8abcb5ede9e8a042a2d54793c97333db42ce738"
        },
        {
          "path": "widgets\/container-tabs\/Controller.php",
          "dir": false,
          "file": true,
          "perms": "0660",
          "size": 4306,
          "sha1": "4d3e0d3ef453d37c97ce21d7482e9566e1aee90d"
        },
        {
          "path": "settings",
          "dir": true,
          "file": false,
          "perms": "2770",
          "size": 4096,
          "sha1": null
        },
        {
          "path": "settings\/my.sql",
          "dir": false,
          "file": true,
          "perms": "0660",
          "size": 3181,
          "sha1": "d6a0b6a0851ca79b128669fd254f61fd828371a6"
        },
        {
          "path": "settings\/manifest.php",
          "dir": false,
          "file": true,
          "perms": "0660",
          "size": 1491,
          "sha1": "5e73f776ffa335f8a90a1d7eedc7a43bf2752e5f"
        },
        {
          "path": "settings\/content.php",
          "dir": false,
          "file": true,
          "perms": "0660",
          "size": 2874,
          "sha1": "013296ff4161d02b11e4788684d2d64119fd26a2"
        },
        {
          "path": "settings\/install.php",
          "dir": false,
          "file": true,
          "perms": "0660",
          "size": 6315,
          "sha1": "5b4818893a7a2ace3b2ca993ca8e79924a4f0dc8"
        },
        {
          "path": "Api",
          "dir": true,
          "file": false,
          "perms": "2770",
          "size": 4096,
          "sha1": null
        },
        {
          "path": "Api\/Core.php",
          "dir": false,
          "file": true,
          "perms": "0660",
          "size": 1883,
          "sha1": "9389415e46e088b01be4247600f8fd3360fe9915"
        },
        {
          "path": "View",
          "dir": true,
          "file": false,
          "perms": "2770",
          "size": 4096,
          "sha1": null
        },
        {
          "path": "View\/Helper",
          "dir": true,
          "file": false,
          "perms": "2770",
          "size": 4096,
          "sha1": null
        },
        {
          "path": "View\/Helper\/TimelineActivityLoop.php",
          "dir": false,
          "file": true,
          "perms": "0660",
          "size": 1073,
          "sha1": "dc815f1b8d9ea02424ec4f5703e81df4fc876b12"
        },
        {
          "path": "View\/Helper\/Activity.php",
          "dir": false,
          "file": true,
          "perms": "0660",
          "size": 1645,
          "sha1": "56b2f9c90eea128ef4bfba66b2c4a714448b5bff"
        },
        {
          "path": "View\/Helper\/ItemPhotoThumb.php",
          "dir": false,
          "file": true,
          "perms": "0660",
          "size": 2969,
          "sha1": "0e3bc9e1079a7bea83424e3bb1abb75875a4d5b7"
        },
        {
          "path": "Form",
          "dir": true,
          "file": false,
          "perms": "2770",
          "size": 4096,
          "sha1": null
        },
        {
          "path": "Form\/Settings.php",
          "dir": false,
          "file": true,
          "perms": "0660",
          "size": 735,
          "sha1": "b6f2a49b9c055f9c1e58ed162a44d45beea2478e"
        },
        {
          "path": "Form\/Admin",
          "dir": true,
          "file": false,
          "perms": "2770",
          "size": 4096,
          "sha1": null
        },
        {
          "path": "Form\/Admin\/IconUpload.php",
          "dir": false,
          "file": true,
          "perms": "0660",
          "size": 1779,
          "sha1": "050e244009ec7e09435ef577cb0e610b4e22af37"
        },
        {
          "path": "Form\/Admin\/Level.php",
          "dir": false,
          "file": true,
          "perms": "0660",
          "size": 1933,
          "sha1": "7a7544bee57d27d41fcbfb2ac5565258014ffe24"
        },
        {
          "path": "Form\/Admin\/CoverUpload.php",
          "dir": false,
          "file": true,
          "perms": "0660",
          "size": 1880,
          "sha1": "78c8bfb1e9d7a32798d78ac024ac351de7c2ace5"
        },
        {
          "path": "Form\/Admin\/Global.php",
          "dir": false,
          "file": true,
          "perms": "0660",
          "size": 3160,
          "sha1": "8e1ed75604648026cd9570c7bfeb4d267ac385fc"
        },
        {
          "path": "Form\/Upload.php",
          "dir": false,
          "file": true,
          "perms": "0660",
          "size": 1700,
          "sha1": "895b6709ebcde818d3e069032399fefe98c5868f"
        },
        {
          "path": "views",
          "dir": true,
          "file": false,
          "perms": "2770",
          "size": 4096,
          "sha1": null
        },
        {
          "path": "views\/scripts",
          "dir": true,
          "file": false,
          "perms": "2770",
          "size": 4096,
          "sha1": null
        },
        {
          "path": "views\/scripts\/_activityText.tpl",
          "dir": false,
          "file": true,
          "perms": "0660",
          "size": 21691,
          "sha1": "94fb0d43e03bede602b65cc1818f16cf08d3a40d"
        },
        {
          "path": "views\/scripts\/admin-settings",
          "dir": true,
          "file": false,
          "perms": "2770",
          "size": 4096,
          "sha1": null
        },
        {
          "path": "views\/scripts\/admin-settings\/index.tpl",
          "dir": false,
          "file": true,
          "perms": "0660",
          "size": 375,
          "sha1": "3fc18d94cbf6cc866ea9b9fbafe66a2722ef098a"
        },
        {
          "path": "views\/scripts\/admin-settings\/tabs-icons.tpl",
          "dir": false,
          "file": true,
          "perms": "0660",
          "size": 5981,
          "sha1": "f6f6182a8404150c149f5bded7d0f95ca8f88115"
        },
        {
          "path": "views\/scripts\/admin-settings\/cover.tpl",
          "dir": false,
          "file": true,
          "perms": "0660",
          "size": 1076,
          "sha1": "dcb82e8768c2639a5d8a76ecb729731f9d941496"
        },
        {
          "path": "views\/scripts\/settings",
          "dir": true,
          "file": false,
          "perms": "2770",
          "size": 4096,
          "sha1": null
        },
        {
          "path": "views\/scripts\/settings\/profile-layout.tpl",
          "dir": false,
          "file": true,
          "perms": "0660",
          "size": 354,
          "sha1": "9331c002f4a8144b089dbc89c19bc2e4df7859bf"
        },
        {
          "path": "views\/scripts\/smoothbox",
          "dir": true,
          "file": false,
          "perms": "2770",
          "size": 4096,
          "sha1": null
        },
        {
          "path": "views\/scripts\/smoothbox\/delete-cover.tpl",
          "dir": false,
          "file": true,
          "perms": "0660",
          "size": 406,
          "sha1": "2bcacc390ee7271be8d7a4dc30c4872844851494"
        },
        {
          "path": "views\/scripts\/smoothbox\/upload-cover.tpl",
          "dir": false,
          "file": true,
          "perms": "0660",
          "size": 1564,
          "sha1": "c9a061bea4bf2fb645c39dd45745fed465e97cb8"
        },
        {
          "path": "views\/scripts\/etc",
          "dir": true,
          "file": false,
          "perms": "2770",
          "size": 4096,
          "sha1": null
        },
        {
          "path": "views\/scripts\/etc\/delete.tpl",
          "dir": false,
          "file": true,
          "perms": "0660",
          "size": 1111,
          "sha1": "3b7f3798fe28c4b11b9e2c2276b1455786debeb5"
        },
        {
          "path": "views\/scripts\/_icons_collection.tpl",
          "dir": false,
          "file": true,
          "perms": "0660",
          "size": 559,
          "sha1": "3e8e8fc1f15639f66ed7c247437fc4305c8e6f00"
        },
        {
          "path": "views\/scripts\/_global_form.tpl",
          "dir": false,
          "file": true,
          "perms": "0660",
          "size": 480,
          "sha1": "5b9cdd425dc6b8ee85115caec8864f6f13ed94f8"
        },
        {
          "path": "views\/scripts\/_FancyUpload.tpl",
          "dir": false,
          "file": true,
          "perms": "0660",
          "size": 9084,
          "sha1": "520c62863e5fa7fddd374c5aea29d4c0bf05f40c"
        },
        {
          "path": "views\/scripts\/index",
          "dir": true,
          "file": false,
          "perms": "2770",
          "size": 4096,
          "sha1": null
        },
        {
          "path": "views\/scripts\/index\/index.tpl",
          "dir": false,
          "file": true,
          "perms": "0660",
          "size": 81,
          "sha1": "4bc3d1235b7ea45fbe719af42304d86aa46fe2ff"
        },
        {
          "path": "views\/scripts\/admin-level",
          "dir": true,
          "file": false,
          "perms": "2770",
          "size": 4096,
          "sha1": null
        },
        {
          "path": "views\/scripts\/admin-level\/index.tpl",
          "dir": false,
          "file": true,
          "perms": "0660",
          "size": 357,
          "sha1": "1139d424cf7a0f27fa4577aceced8d8e3c6a5913"
        },
        {
          "path": "controllers",
          "dir": true,
          "file": false,
          "perms": "2770",
          "size": 4096,
          "sha1": null
        },
        {
          "path": "controllers\/ProfileController.php",
          "dir": false,
          "file": true,
          "perms": "0660",
          "size": 159,
          "sha1": "cde1ab751fe0e95d860f054d595c7faa7d99dbad"
        },
        {
          "path": "controllers\/AjaxController.php",
          "dir": false,
          "file": true,
          "perms": "0660",
          "size": 11707,
          "sha1": "872a4717ba934baecf807016b9c403a61fae4aa3"
        },
        {
          "path": "controllers\/SettingsController.php",
          "dir": false,
          "file": true,
          "perms": "0660",
          "size": 891,
          "sha1": "04fcaed12d1d164ab720697af119cd10fb6f225c"
        },
        {
          "path": "controllers\/IndexController.php",
          "dir": false,
          "file": true,
          "perms": "0660",
          "size": 162,
          "sha1": "337e5bea226b626e801d52a9ad7d02ad72a2eacc"
        },
        {
          "path": "controllers\/AdminSettingsController.php",
          "dir": false,
          "file": true,
          "perms": "0660",
          "size": 10729,
          "sha1": "564205f2b18a657609b40e64bdc64a7b1831c378"
        },
        {
          "path": "controllers\/SmoothboxController.php",
          "dir": false,
          "file": true,
          "perms": "0660",
          "size": 1828,
          "sha1": "39d25f045d5a89eede85d3d82c8f53f3b437f34d"
        },
        {
          "path": "controllers\/AdminLevelController.php",
          "dir": false,
          "file": true,
          "perms": "0660",
          "size": 2409,
          "sha1": "aaff7632d685b1685c77f4849bcd25918176a39c"
        },
        {
          "path": "Library",
          "dir": true,
          "file": false,
          "perms": "2770",
          "size": 4096,
          "sha1": null
        },
        {
          "path": "Library\/phpThumb",
          "dir": true,
          "file": false,
          "perms": "2770",
          "size": 4096,
          "sha1": null
        },
        {
          "path": "Library\/phpThumb\/phpthumb.functions.php",
          "dir": false,
          "file": true,
          "perms": "0660",
          "size": 33066,
          "sha1": "57dcf73e2065c9d74d29c7923444c2a316312281"
        },
        {
          "path": "Library\/phpThumb\/phpThumb.config.php.default",
          "dir": false,
          "file": true,
          "perms": "0660",
          "size": 21919,
          "sha1": "402cee92d3afd54a41baae74048475a46cebd694"
        },
        {
          "path": "Library\/phpThumb\/phpthumb.unsharp.php",
          "dir": false,
          "file": true,
          "perms": "0660",
          "size": 7026,
          "sha1": "65fac793158ee453cf08adb479757fbd2038cfeb"
        },
        {
          "path": "Library\/phpThumb\/phpthumb.gif.php",
          "dir": false,
          "file": true,
          "perms": "0660",
          "size": 29867,
          "sha1": "9cacad27ab38388f84712147d4e18c3af05ea717"
        },
        {
          "path": "Library\/phpThumb\/phpthumb.filters.php",
          "dir": false,
          "file": true,
          "perms": "0660",
          "size": 68620,
          "sha1": "80345f36fde191dadf97488c8de2a86db910429c"
        },
        {
          "path": "Library\/phpThumb\/index.php",
          "dir": false,
          "file": true,
          "perms": "0660",
          "size": 310,
          "sha1": "d63841fcadbdef73ad3706ae49b7b5a4f2ac54b2"
        },
        {
          "path": "Library\/phpThumb\/phpThumb.php",
          "dir": false,
          "file": true,
          "perms": "0660",
          "size": 27563,
          "sha1": "2eea36292e946965732e3a821e2337711ae3724a"
        },
        {
          "path": "Library\/phpThumb\/phpthumb.class.php",
          "dir": false,
          "file": true,
          "perms": "0660",
          "size": 179154,
          "sha1": "7ee8875bc29fce152950074fddc315ecb58889ac"
        },
        {
          "path": "Library\/phpThumb\/phpthumb.ico.php",
          "dir": false,
          "file": true,
          "perms": "0660",
          "size": 5286,
          "sha1": "2f69c4e5884ae32290872423190269a0de071e57"
        },
        {
          "path": "Library\/phpThumb\/phpthumb.bmp.php",
          "dir": false,
          "file": true,
          "perms": "0660",
          "size": 37493,
          "sha1": "13f654a910ba21a4e47e7647bec923d76d2000f4"
        },
        {
          "path": "Library\/Gd.php",
          "dir": false,
          "file": true,
          "perms": "0660",
          "size": 234,
          "sha1": "dee7f8935e259a0af46a945a74830efdcdfe6ce4"
        },
        {
          "path": "Plugin",
          "dir": true,
          "file": false,
          "perms": "2770",
          "size": 4096,
          "sha1": null
        },
        {
          "path": "Plugin\/Core.php",
          "dir": false,
          "file": true,
          "perms": "0660",
          "size": 2058,
          "sha1": "1df87c3c013337e8942fd4db21def574d416635b"
        },
        {
          "path": "Plugin\/Menus.php",
          "dir": false,
          "file": true,
          "perms": "0660",
          "size": 851,
          "sha1": "bad4279934c2bb85b62a045dbe262d55b1d81615"
        },
        {
          "path": "Model",
          "dir": true,
          "file": false,
          "perms": "2770",
          "size": 4096,
          "sha1": null
        },
        {
          "path": "Model\/DbTable",
          "dir": true,
          "file": false,
          "perms": "2770",
          "size": 4096,
          "sha1": null
        },
        {
          "path": "Model\/DbTable\/Features.php",
          "dir": false,
          "file": true,
          "perms": "0660",
          "size": 124,
          "sha1": "9e1c180bbb369b2aeb8eccd31a3554afeda89c6f"
        },
        {
          "path": "Model\/Feature.php",
          "dir": false,
          "file": true,
          "perms": "0660",
          "size": 112,
          "sha1": "4852e2444138077d77cfaf51012bd4dbc14b66bc"
        },
        {
          "path": "externals",
          "dir": true,
          "file": false,
          "perms": "2770",
          "size": 4096,
          "sha1": null
        },
        {
          "path": "externals\/.htaccess",
          "dir": false,
          "file": true,
          "perms": "0660",
          "size": 147,
          "sha1": "9f1638a8edbe1c5d28789e017fb35b2f2465f01e"
        },
        {
          "path": "externals\/scripts",
          "dir": true,
          "file": false,
          "perms": "2770",
          "size": 4096,
          "sha1": null
        },
        {
          "path": "externals\/scripts\/core.js",
          "dir": false,
          "file": true,
          "perms": "0660",
          "size": 30171,
          "sha1": "d1d7e6da4fe77c1fefeb95965af9e4f471fe6734"
        },
        {
          "path": "externals\/scripts\/ysr-crop.js",
          "dir": false,
          "file": true,
          "perms": "0660",
          "size": 9420,
          "sha1": "93cf47076ff2566505257a0ed0a935f47fc52144"
        },
        {
          "path": "externals\/images",
          "dir": true,
          "file": false,
          "perms": "2770",
          "size": 4096,
          "sha1": null
        },
        {
          "path": "externals\/images\/lightbulb.png",
          "dir": false,
          "file": true,
          "perms": "0660",
          "size": 1611,
          "sha1": "c5b94f2a1821dd4d4b162e021a956bb28efae96c"
        },
        {
          "path": "externals\/images\/report.png",
          "dir": false,
          "file": true,
          "perms": "0660",
          "size": 665,
          "sha1": "6299e5cefae503a3e2891843b2a8c6cce0e15351"
        },
        {
          "path": "externals\/images\/delete_cover.png",
          "dir": false,
          "file": true,
          "perms": "0660",
          "size": 1592,
          "sha1": "97ae2cebbfd42cf7baa0c33b331027d0dcc4c30b"
        },
        {
          "path": "externals\/images\/send_message.png",
          "dir": false,
          "file": true,
          "perms": "0660",
          "size": 3305,
          "sha1": "d66e7354fcfe133d9d00f86757170a1cccc733d2"
        },
        {
          "path": "externals\/images\/setting.png",
          "dir": false,
          "file": true,
          "perms": "0660",
          "size": 2091,
          "sha1": "2b85cd6383ae3f8bd88b61cbe12c90fc589b9d3a"
        },
        {
          "path": "externals\/images\/cover_timeline.png",
          "dir": false,
          "file": true,
          "perms": "0660",
          "size": 4535,
          "sha1": "40f7b0db1f13026a0cda7bf63b512147460562d9"
        },
        {
          "path": "externals\/images\/timeline.jpg",
          "dir": false,
          "file": true,
          "perms": "0660",
          "size": 1354,
          "sha1": "9195c29285bf246b5e595b3970c88262bde34cf1"
        },
        {
          "path": "externals\/images\/add_cover.png",
          "dir": false,
          "file": true,
          "perms": "0660",
          "size": 1407,
          "sha1": "d54f107b152bb764c1e2c2907aa32a1021fb8128"
        },
        {
          "path": "externals\/images\/more.png",
          "dir": false,
          "file": true,
          "perms": "0660",
          "size": 331,
          "sha1": "6baa1c39585c919d5ec4959d04af5bbcd4aae2f7"
        },
        {
          "path": "externals\/images\/block.png",
          "dir": false,
          "file": true,
          "perms": "0660",
          "size": 715,
          "sha1": "8f0ebcb45d7ba71a541d4781329f4a6900c7ee65"
        },
        {
          "path": "externals\/images\/add_friend.png",
          "dir": false,
          "file": true,
          "perms": "0660",
          "size": 746,
          "sha1": "56a6f12c36ef9e5220b070830a3d36b23450ff22"
        },
        {
          "path": "externals\/images\/icons_collection",
          "dir": true,
          "file": false,
          "perms": "2770",
          "size": 4096,
          "sha1": null
        },
        {
          "path": "externals\/images\/icons_collection\/friends.png",
          "dir": false,
          "file": true,
          "perms": "0660",
          "size": 753,
          "sha1": "fc729cc6d3b5f029d751cd7e934e97e8e286ac0b"
        },
        {
          "path": "externals\/images\/icons_collection\/timeline.png",
          "dir": false,
          "file": true,
          "perms": "0660",
          "size": 503,
          "sha1": "7329aa24b317cdd90b776704091216687b147f62"
        },
        {
          "path": "externals\/images\/icons_collection\/blogs2.png",
          "dir": false,
          "file": true,
          "perms": "0660",
          "size": 342,
          "sha1": "efcd01b427aba05a478f9392edb5fd0a5a945290"
        },
        {
          "path": "externals\/images\/icons_collection\/favorite_pages.png",
          "dir": false,
          "file": true,
          "perms": "0660",
          "size": 1454,
          "sha1": "81da33d2aff2b145f1aeb78deb0d9b42384f19b6"
        },
        {
          "path": "externals\/images\/icons_collection\/links.png",
          "dir": false,
          "file": true,
          "perms": "0660",
          "size": 1339,
          "sha1": "7db1903c4b918edb6b7ac7087fafbd405ddd42e8"
        },
        {
          "path": "externals\/images\/icons_collection\/polls.png",
          "dir": false,
          "file": true,
          "perms": "0660",
          "size": 541,
          "sha1": "4e9576a56db3d142113b8905d7aa93e31c9f441b"
        },
        {
          "path": "externals\/images\/icons_collection\/videos.png",
          "dir": false,
          "file": true,
          "perms": "0660",
          "size": 653,
          "sha1": "3811ee746f69176ff8c7b610ae5c4ce80e0ec50b"
        },
        {
          "path": "externals\/images\/icons_collection\/questions_answers.png",
          "dir": false,
          "file": true,
          "perms": "0660",
          "size": 843,
          "sha1": "83eff40ad009c8687d6c1ea821471fab1d3e6d5d"
        },
        {
          "path": "externals\/images\/icons_collection\/media.png",
          "dir": false,
          "file": true,
          "perms": "0660",
          "size": 940,
          "sha1": "16867af9c6f204ef6b685ca7b8ccc21334b1c477"
        },
        {
          "path": "externals\/images\/icons_collection\/plus.png",
          "dir": false,
          "file": true,
          "perms": "0660",
          "size": 3156,
          "sha1": "494345b43b4736f31a2fc099e79b221f6aadd8c7"
        },
        {
          "path": "externals\/images\/icons_collection\/forums.png",
          "dir": false,
          "file": true,
          "perms": "0660",
          "size": 3253,
          "sha1": "40f718b8f65f9ad0d8aa9dd648a9dfc293fffa04"
        },
        {
          "path": "externals\/images\/icons_collection\/music.png",
          "dir": false,
          "file": true,
          "perms": "0660",
          "size": 517,
          "sha1": "75efc475d52e7ff1393eee140e30bf59fab5a651"
        },
        {
          "path": "externals\/images\/icons_collection\/documents.png",
          "dir": false,
          "file": true,
          "perms": "0660",
          "size": 592,
          "sha1": "2b6380d2dfa6a5ff58bbbdfffcbb55d56b5839d9"
        },
        {
          "path": "externals\/images\/icons_collection\/classifieds.png",
          "dir": false,
          "file": true,
          "perms": "0660",
          "size": 658,
          "sha1": "8b7f753ba1c3cc5551dd6100e408bc8898414f2f"
        },
        {
          "path": "externals\/images\/icons_collection\/moderation.png",
          "dir": false,
          "file": true,
          "perms": "0660",
          "size": 737,
          "sha1": "c907761d1ce86604328ca05efc27d362aa5f1755"
        },
        {
          "path": "externals\/images\/icons_collection\/groups.png",
          "dir": false,
          "file": true,
          "perms": "0660",
          "size": 1646,
          "sha1": "6dbb652dd08fcdeb0bcd9427db07d6c0c0d2372f"
        },
        {
          "path": "externals\/images\/icons_collection\/events.png",
          "dir": false,
          "file": true,
          "perms": "0660",
          "size": 1392,
          "sha1": "6ce561bf55ca115c48b785c8a09c8903ade396fa"
        },
        {
          "path": "externals\/images\/icons_collection\/albums.png",
          "dir": false,
          "file": true,
          "perms": "0660",
          "size": 661,
          "sha1": "ca8fa077f56d5a5f2b6b4bcde921eff1cb76bf94"
        },
        {
          "path": "externals\/images\/icons_collection\/directory.png",
          "dir": false,
          "file": true,
          "perms": "0660",
          "size": 631,
          "sha1": "9a67496e700c86d1b3d2f047eb7f18bb5590b5b1"
        },
        {
          "path": "externals\/images\/icons_collection\/f_mediaplugin.png",
          "dir": false,
          "file": true,
          "perms": "0660",
          "size": 3626,
          "sha1": "5a6b9c932286d10a8d5c5111c9a25a1826508867"
        },
        {
          "path": "externals\/images\/icons_collection\/schedule.png",
          "dir": false,
          "file": true,
          "perms": "0660",
          "size": 510,
          "sha1": "895fafb3a2857bf5c574e832d1bdd16bb1cd49cb"
        },
        {
          "path": "externals\/images\/icons_collection\/user_info.png",
          "dir": false,
          "file": true,
          "perms": "0660",
          "size": 3238,
          "sha1": "3fd072bc2b829aa0fc2820c8d15996756514a4fe"
        },
        {
          "path": "externals\/images\/yellow_arrow.png",
          "dir": false,
          "file": true,
          "perms": "0660",
          "size": 1001,
          "sha1": "311ba983fad5091b9208d92720224505d1262b0b"
        },
        {
          "path": "externals\/images\/ants.gif",
          "dir": false,
          "file": true,
          "perms": "0660",
          "size": 1805,
          "sha1": "b807d192c9e093380a8413cde5ea873f0dbe05e5"
        },
        {
          "path": "externals\/images\/add.png",
          "dir": false,
          "file": true,
          "perms": "0660",
          "size": 713,
          "sha1": "e7199f19204b178a59d9eb7bbe1522bec4ce48a8"
        },
        {
          "path": "externals\/images\/edit_photo.png",
          "dir": false,
          "file": true,
          "perms": "0660",
          "size": 783,
          "sha1": "b1fcd0cb0afa649abda653eae4f4186b9d3e07de"
        },
        {
          "path": "externals\/images\/new_cover.png",
          "dir": false,
          "file": true,
          "perms": "0660",
          "size": 1208,
          "sha1": "88a3efdb6b16c96a871f9cd54aa80d0ccf39d677"
        },
        {
          "path": "externals\/images\/crop.gif",
          "dir": false,
          "file": true,
          "perms": "0660",
          "size": 1718,
          "sha1": "8bdbbeafc72aabbeb3ba6f9f9aa67e40399de48a"
        },
        {
          "path": "externals\/images\/edit.png",
          "dir": false,
          "file": true,
          "perms": "0660",
          "size": 450,
          "sha1": "62a1b41ac5eefbf3d0ad578a19572d4096d88146"
        },
        {
          "path": "externals\/images\/remove.png",
          "dir": false,
          "file": true,
          "perms": "0660",
          "size": 767,
          "sha1": "7c9dfd9e984a91c5c56f0ec9b77bebcf6da3f9a2"
        },
        {
          "path": "externals\/images\/default.png",
          "dir": false,
          "file": true,
          "perms": "0660",
          "size": 397,
          "sha1": "ff8fd32d0cefedf16eb9dc90f787249e4af0257f"
        },
        {
          "path": "externals\/images\/delete_event.png",
          "dir": false,
          "file": true,
          "perms": "0660",
          "size": 1963,
          "sha1": "68f4a6310369eed62d74210821a523e245fc9e35"
        },
        {
          "path": "externals\/images\/starline.png",
          "dir": false,
          "file": true,
          "perms": "0660",
          "size": 814,
          "sha1": "cd165d6412ac342cbde77d20358ddbb2f468e2d5"
        },
        {
          "path": "externals\/images\/delete.png",
          "dir": false,
          "file": true,
          "perms": "0660",
          "size": 1931,
          "sha1": "0acb7854e2dd76a3702a58d98b2eab3e84f2f56f"
        },
        {
          "path": "externals\/images\/foreground_bg.png",
          "dir": false,
          "file": true,
          "perms": "0660",
          "size": 109,
          "sha1": "9c7de1c696f26379621cac1c2bdbf196caef84dd"
        },
        {
          "path": "externals\/styles",
          "dir": true,
          "file": false,
          "perms": "2770",
          "size": 4096,
          "sha1": null
        },
        {
          "path": "externals\/styles\/mobile.css",
          "dir": false,
          "file": true,
          "perms": "0660",
          "size": 36202,
          "sha1": "489b99f78dfddd3705f633bc49460a3a12f71e1d"
        },
        {
          "path": "externals\/styles\/admin",
          "dir": true,
          "file": false,
          "perms": "2770",
          "size": 4096,
          "sha1": null
        },
        {
          "path": "externals\/styles\/admin\/main.css",
          "dir": false,
          "file": true,
          "perms": "0660",
          "size": 1732,
          "sha1": "08c813dedd023ae1102a03d6634ad30b52210c8f"
        },
        {
          "path": "externals\/styles\/main.css",
          "dir": false,
          "file": true,
          "perms": "0770",
          "size": 40350,
          "sha1": "5f07fa59c6cf98aa37055b8ceb66a6b9fa2251c0"
        },
        {
          "path": "Bootstrap.php",
          "dir": false,
          "file": true,
          "perms": "0660",
          "size": 250,
          "sha1": "2db052806aa0f44d004cbff99ff7a93d7ca92cc5"
        }
      ]
    },
    "application\/languages\/en\/timeline.csv": {
      "type": "file",
      "path": "application\/languages\/en\/timeline.csv",
      "structure": {
        "path": "timeline.csv",
        "dir": false,
        "file": true,
        "perms": "0660",
        "size": 6352,
        "sha1": "1f9bf1a934536539615e111b4f4658bf61cd0cd0"
      }
    },
    "whshow_thumb_timeline.php": {
      "type": "file",
      "path": "whshow_thumb_timeline.php",
      "structure": {
        "path": "whshow_thumb_timeline.php",
        "dir": false,
        "file": true,
        "perms": "0660",
        "size": 3965,
        "sha1": "f51aaf64671e6a94f14af8a6a68c9a1a806dac9e"
      }
    }
  }
}