{
  "type": "module",
  "name": "hecore",
  "version": "4.2.4p6",
  "revision": null,
  "path": "application\/modules\/Hecore",
  "repository": null,
  "date": "Thu, 13 Apr 2017 08:56:56 +0000",
  "title": "Hire-Experts Core Module",
  "description": "Hire-Experts Core Module",
  "thumb": null,
  "developer": null,
  "authors": [
    "<a href=\"http:\/\/www.hire-experts.com\" title=\"Hire-Experts LLC\" target=\"_blank\">Hire-Experts LLC<\/a>"
  ],
  "meta": {
    "date": "Thu, 13 Apr 2017 08:56:56 +0000",
    "title": "Hire-Experts Core Module",
    "description": "Hire-Experts Core Module",
    "developer": null,
    "authors": [
      "<a href=\"http:\/\/www.hire-experts.com\" title=\"Hire-Experts LLC\" target=\"_blank\">Hire-Experts LLC<\/a>"
    ],
    "changeLog": null
  },
  "actions": [
    "install",
    "upgrade",
    "refresh",
    "enable",
    "disable"
  ],
  "callback": {
    "path": null,
    "class": "Engine_Package_Installer_Module",
    "priority": 100
  },
  "dependencies": null,
  "tests": [
    
  ],
  "permissions": [
    
  ],
  "structure": {
    "application\/modules\/Hecore": {
      "type": "directory",
      "path": "application\/modules\/Hecore",
      "structure": [
        {
          "path": "Model",
          "dir": true,
          "file": false,
          "perms": "0777",
          "size": 4096,
          "sha1": null
        },
        {
          "path": "Model\/Log.php",
          "dir": false,
          "file": true,
          "perms": "0777",
          "size": 180,
          "sha1": "591190f51a2247ddac826a9928eca690f1d1d96c"
        },
        {
          "path": "Model\/DbTable",
          "dir": true,
          "file": false,
          "perms": "0777",
          "size": 4096,
          "sha1": null
        },
        {
          "path": "Model\/DbTable\/Settings.php",
          "dir": false,
          "file": true,
          "perms": "0777",
          "size": 1165,
          "sha1": "bb0acdde415b9f4cefdfcc9afff36d78ccba4715"
        },
        {
          "path": "Model\/DbTable\/Modules.php",
          "dir": false,
          "file": true,
          "perms": "0777",
          "size": 2002,
          "sha1": "00e42b1c52db756b383ff9f13925b24cc4113fe1"
        },
        {
          "path": "Model\/DbTable\/User",
          "dir": true,
          "file": false,
          "perms": "0777",
          "size": 4096,
          "sha1": null
        },
        {
          "path": "Model\/DbTable\/User\/settings.php",
          "dir": false,
          "file": true,
          "perms": "0777",
          "size": 936,
          "sha1": "f58ea09f589ae9d2af4fe0a2935df4d1e75cd81f"
        },
        {
          "path": "Model\/DbTable\/Logs.php",
          "dir": false,
          "file": true,
          "perms": "0777",
          "size": 229,
          "sha1": "2f1f37d01857a47ff15646bd5ee0e21c59d15987"
        },
        {
          "path": "Model\/DbTable\/Faces.php",
          "dir": false,
          "file": true,
          "perms": "0777",
          "size": 5916,
          "sha1": "c08299f5f0b0785769cd9d01779d2006976e710d"
        },
        {
          "path": "Model\/DbTable\/Featureds.php",
          "dir": false,
          "file": true,
          "perms": "0777",
          "size": 2722,
          "sha1": "9c13ffff4efb4667c6a1ffea5abbe828a1e4bd0d"
        },
        {
          "path": "Model\/Featured.php",
          "dir": false,
          "file": true,
          "perms": "0777",
          "size": 503,
          "sha1": "4ef7d45168b0b1677b5f48976359239aca2b2784"
        },
        {
          "path": "Model\/Faces.php",
          "dir": false,
          "file": true,
          "perms": "0777",
          "size": 1188,
          "sha1": "cdd23fcf4883a1e033a3aadd846e92b4f7a22566"
        },
        {
          "path": "Model\/Module.php",
          "dir": false,
          "file": true,
          "perms": "0777",
          "size": 493,
          "sha1": "d6f02b1a3bcf86f36efe671914c2ed957526e958"
        },
        {
          "path": "views",
          "dir": true,
          "file": false,
          "perms": "0777",
          "size": 4096,
          "sha1": null
        },
        {
          "path": "views\/scripts",
          "dir": true,
          "file": false,
          "perms": "0777",
          "size": 4096,
          "sha1": null
        },
        {
          "path": "views\/scripts\/_hecore_licenses.tpl",
          "dir": false,
          "file": true,
          "perms": "0777",
          "size": 1247,
          "sha1": "0c8aa738d5dc0940645d39aa038e2f9f387cbecc"
        },
        {
          "path": "views\/scripts\/_friends_list.tpl",
          "dir": false,
          "file": true,
          "perms": "0777",
          "size": 652,
          "sha1": "9f320df754d27e4058593942a54d424164cb2fc3"
        },
        {
          "path": "views\/scripts\/admin-featureds",
          "dir": true,
          "file": false,
          "perms": "0777",
          "size": 4096,
          "sha1": null
        },
        {
          "path": "views\/scripts\/admin-featureds\/index.tpl",
          "dir": false,
          "file": true,
          "perms": "0777",
          "size": 7758,
          "sha1": "2e8c1b59c9f7b3e60998fa6a830e74c614a45226"
        },
        {
          "path": "views\/scripts\/admin-settings",
          "dir": true,
          "file": false,
          "perms": "0777",
          "size": 4096,
          "sha1": null
        },
        {
          "path": "views\/scripts\/admin-settings\/index.tpl",
          "dir": false,
          "file": true,
          "perms": "0777",
          "size": 270,
          "sha1": "09974c290f77a6cb1886f94cb664f47189fc8703"
        },
        {
          "path": "views\/scripts\/_contacts_items.tpl",
          "dir": false,
          "file": true,
          "perms": "0777",
          "size": 1163,
          "sha1": "58aa3e37871bae4ec9b70c68cc95354039632f71"
        },
        {
          "path": "views\/scripts\/module",
          "dir": true,
          "file": false,
          "perms": "0777",
          "size": 4096,
          "sha1": null
        },
        {
          "path": "views\/scripts\/module\/license.tpl",
          "dir": false,
          "file": true,
          "perms": "0777",
          "size": 3345,
          "sha1": "1d80c1ef0cb29db737d2e4c10e539d17e308e33f"
        },
        {
          "path": "views\/scripts\/module\/edit.tpl",
          "dir": false,
          "file": true,
          "perms": "0777",
          "size": 1522,
          "sha1": "6c4cad1eba185d3418e02f29027ede05b2170e98"
        },
        {
          "path": "views\/scripts\/module\/upgrade.tpl",
          "dir": false,
          "file": true,
          "perms": "0777",
          "size": 1750,
          "sha1": "1872e4b09d990cb08be498f2c7c2cabfc747db42"
        },
        {
          "path": "views\/scripts\/module\/apptouch.tpl",
          "dir": false,
          "file": true,
          "perms": "0777",
          "size": 606,
          "sha1": "3fb1506748a9ded3833d1332e0fbdf0122ab183a"
        },
        {
          "path": "views\/scripts\/admin-index",
          "dir": true,
          "file": false,
          "perms": "0777",
          "size": 4096,
          "sha1": null
        },
        {
          "path": "views\/scripts\/admin-index\/index.tpl",
          "dir": false,
          "file": true,
          "perms": "0777",
          "size": 22527,
          "sha1": "09aafc142bfcb3dea950bd95f0b5851687ab7719"
        },
        {
          "path": "views\/scripts\/_hecore_items.tpl",
          "dir": false,
          "file": true,
          "perms": "0777",
          "size": 1516,
          "sha1": "ff2089a67c78b0e090ae09ccb3ac52d6ec5fc46a"
        },
        {
          "path": "views\/scripts\/index",
          "dir": true,
          "file": false,
          "perms": "0777",
          "size": 4096,
          "sha1": null
        },
        {
          "path": "views\/scripts\/index\/contacts.tpl",
          "dir": false,
          "file": true,
          "perms": "0777",
          "size": 3145,
          "sha1": "8724ccfb2ee230117ec1d9f9367581fad9eb05c3"
        },
        {
          "path": "views\/scripts\/index\/language.tpl",
          "dir": false,
          "file": true,
          "perms": "0777",
          "size": 585,
          "sha1": "37d8b9fce33c03e8b4c4db7e2c8474ef927929cc"
        },
        {
          "path": "views\/scripts\/index\/frame.tpl",
          "dir": false,
          "file": true,
          "perms": "0777",
          "size": 1132,
          "sha1": "94cc3a36313943a91fb807d87259689f24791a15"
        },
        {
          "path": "views\/scripts\/index\/list.tpl",
          "dir": false,
          "file": true,
          "perms": "0777",
          "size": 3074,
          "sha1": "5da9605c6db32ca98bbb44112bdf0c1f20bb77ad"
        },
        {
          "path": "settings",
          "dir": true,
          "file": false,
          "perms": "0777",
          "size": 4096,
          "sha1": null
        },
        {
          "path": "settings\/manifest.php",
          "dir": false,
          "file": true,
          "perms": "0777",
          "size": 2429,
          "sha1": "ed5615f222ff2390846eff4cbc512dd862d78e55"
        },
        {
          "path": "settings\/my-upgrade-4.2.2-4.2.2p4.sql",
          "dir": false,
          "file": true,
          "perms": "0777",
          "size": 785,
          "sha1": "8e6ce24a62804fef0ce4289f46bf5349f27171c7"
        },
        {
          "path": "settings\/my-upgrade-4.0.0-4.0.1.sql",
          "dir": false,
          "file": true,
          "perms": "0777",
          "size": 114,
          "sha1": "aa671d0de5ea28a30c33174cddbd9d7821561516"
        },
        {
          "path": "settings\/my-upgrade-4.1.0-4.1.1.sql",
          "dir": false,
          "file": true,
          "perms": "0777",
          "size": 114,
          "sha1": "f68ecab830426a1ab5a931ced40dfeb6a6f215e9"
        },
        {
          "path": "settings\/my-upgrade-4.0.7-4.1.0.sql",
          "dir": false,
          "file": true,
          "perms": "0777",
          "size": 114,
          "sha1": "51142fd5723687ca35c4ef61b91b1dbdda1caaa1"
        },
        {
          "path": "settings\/content.php",
          "dir": false,
          "file": true,
          "perms": "0777",
          "size": 1884,
          "sha1": "9ea6e5717408404636685d7201ddcefeea14d5d8"
        },
        {
          "path": "settings\/my-upgrade-4.2.4-4.2.4p4.sql",
          "dir": false,
          "file": true,
          "perms": "0777",
          "size": 80,
          "sha1": "1e32b1a80dfc4d0fe9d34fc01e32a82eaf6af916"
        },
        {
          "path": "settings\/my-upgrade-4.1.3-4.1.4.sql",
          "dir": false,
          "file": true,
          "perms": "0777",
          "size": 114,
          "sha1": "c81301771f970fb423c9329deb9562da2990a4a0"
        },
        {
          "path": "settings\/my-upgrade-4.1.9p1-4.2.0.sql",
          "dir": false,
          "file": true,
          "perms": "0777",
          "size": 201,
          "sha1": "1a3729a88fd1eaeb986e8af16ebba12ad8408976"
        },
        {
          "path": "settings\/my-upgrade-4.0.3-4.0.4.sql",
          "dir": false,
          "file": true,
          "perms": "0777",
          "size": 114,
          "sha1": "d625b92caaebbce49aa8787153ee3c5fc2fa51b1"
        },
        {
          "path": "settings\/my-upgrade-4.2.2-4.2.3p2.sql",
          "dir": false,
          "file": true,
          "perms": "0777",
          "size": 782,
          "sha1": "af68e171ebf2afb871d996666f13d870ede7150c"
        },
        {
          "path": "settings\/my-upgrade-4.1.5-4.1.6.sql",
          "dir": false,
          "file": true,
          "perms": "0777",
          "size": 114,
          "sha1": "90bf038b4fbb24156be1a7824a20dee268383da5"
        },
        {
          "path": "settings\/my-upgrade-4.1.8-4.1.9.sql",
          "dir": false,
          "file": true,
          "perms": "0777",
          "size": 116,
          "sha1": "09dff349597da0395d7c06702ddb341bd0a751c0"
        },
        {
          "path": "settings\/my-upgrade-4.2.4-4.2.4p6.sql",
          "dir": false,
          "file": true,
          "perms": "0777",
          "size": 80,
          "sha1": "f814bc61d7686ed9461c55f0dfc5141c28f700f2"
        },
        {
          "path": "settings\/my-upgrade-4.2.4-4.2.4p3.sql",
          "dir": false,
          "file": true,
          "perms": "0777",
          "size": 80,
          "sha1": "5ae2a2cda87ac20e54d621eee8bfbce41f84d2c3"
        },
        {
          "path": "settings\/my-upgrade-4.1.7-4.1.8.sql",
          "dir": false,
          "file": true,
          "perms": "0777",
          "size": 240,
          "sha1": "8a2007e3458db3b76ea8f7212b5071d52a42e860"
        },
        {
          "path": "settings\/my-upgrade-4.2.3-4.2.3p1.sql",
          "dir": false,
          "file": true,
          "perms": "0777",
          "size": 798,
          "sha1": "327476bf8abd6eb200ec5fe908ddadb1e6692a84"
        },
        {
          "path": "settings\/my-upgrade-4.0.5-4.0.6.sql",
          "dir": false,
          "file": true,
          "perms": "0777",
          "size": 114,
          "sha1": "ce38848370634a85531d1a4c7fd0f58841ad19c6"
        },
        {
          "path": "settings\/my-upgrade-4.1.9-4.1.9p1.sql",
          "dir": false,
          "file": true,
          "perms": "0777",
          "size": 118,
          "sha1": "8c79ddb57af99289a81bedfeb68a6ecd732737a8"
        },
        {
          "path": "settings\/my-upgrade-4.2.4-4.2.4p1.sql",
          "dir": false,
          "file": true,
          "perms": "0777",
          "size": 80,
          "sha1": "ad9daa3c8dfc6fc5ff583a78716be6e731679558"
        },
        {
          "path": "settings\/my-upgrade-4.1.1-4.1.2.sql",
          "dir": false,
          "file": true,
          "perms": "0777",
          "size": 114,
          "sha1": "e1572b836a2bb635820c84ed33b82b4354d28e76"
        },
        {
          "path": "settings\/my-upgrade-4.2.1-4.2.2p1.sql",
          "dir": false,
          "file": true,
          "perms": "0777",
          "size": 116,
          "sha1": "8f0eb29b8fab1fb1c6a68fd530ddac8afcb4c3d3"
        },
        {
          "path": "settings\/my-upgrade-4.1.6-4.1.7.sql",
          "dir": false,
          "file": true,
          "perms": "0777",
          "size": 114,
          "sha1": "039338a6b1744746de294a1d4a644bc43ee5ab6a"
        },
        {
          "path": "settings\/my.sql",
          "dir": false,
          "file": true,
          "perms": "0777",
          "size": 2817,
          "sha1": "1598ae4a7c43e7ccc3be7928086260215c8c4166"
        },
        {
          "path": "settings\/my-upgrade-4.2.0-4.2.0p9.sql",
          "dir": false,
          "file": true,
          "perms": "0777",
          "size": 116,
          "sha1": "d020a9eb70be9dfa2a5e487c52330635ec14f0b5"
        },
        {
          "path": "settings\/my-upgrade-4.2.3-4.2.4.sql",
          "dir": false,
          "file": true,
          "perms": "0777",
          "size": 78,
          "sha1": "14645b2b52e6da1ef2f141ccf05d08e1f669e2c1"
        },
        {
          "path": "settings\/my-upgrade-4.2.2-4.2.2p2.sql",
          "dir": false,
          "file": true,
          "perms": "0777",
          "size": 785,
          "sha1": "7c3cd5965ed3e5a7b0fef223dc99b5bfe46db4d1"
        },
        {
          "path": "settings\/my-upgrade-4.0.2-4.0.3.sql",
          "dir": false,
          "file": true,
          "perms": "0777",
          "size": 114,
          "sha1": "0b5f94bd97d36f5d918fa76ae300c372f5a27568"
        },
        {
          "path": "settings\/my-upgrade-4.0.1-4.0.2.sql",
          "dir": false,
          "file": true,
          "perms": "0777",
          "size": 114,
          "sha1": "9e43f715ed894d87ca017c4a1bf194c0c5cf38e3"
        },
        {
          "path": "settings\/my-upgrade-4.2.1-4.2.2.sql",
          "dir": false,
          "file": true,
          "perms": "0777",
          "size": 114,
          "sha1": "08e583b53af3e848cd56160913ce0185fbc9a8f4"
        },
        {
          "path": "settings\/my-upgrade-4.1.4-4.1.5.sql",
          "dir": false,
          "file": true,
          "perms": "0777",
          "size": 114,
          "sha1": "a8bbc9755ab72a783f318bb1afc7f155ea45f527"
        },
        {
          "path": "settings\/my-upgrade-4.0.6-4.0.7.sql",
          "dir": false,
          "file": true,
          "perms": "0777",
          "size": 114,
          "sha1": "1e0c8122b04e0466bd546e2ec077a3bc9d390ca1"
        },
        {
          "path": "settings\/my-upgrade-4.2.4-4.2.4p2.sql",
          "dir": false,
          "file": true,
          "perms": "0777",
          "size": 80,
          "sha1": "2ca22a948a40041a2b72761d86e971622ba6caf1"
        },
        {
          "path": "settings\/my-upgrade-4.2.2-4.2.2p3.sql",
          "dir": false,
          "file": true,
          "perms": "0777",
          "size": 785,
          "sha1": "ad6743ee7544dde41152c6a2c25637d1e636ea18"
        },
        {
          "path": "settings\/my-upgrade-4.2.2-4.2.3.sql",
          "dir": false,
          "file": true,
          "perms": "0777",
          "size": 782,
          "sha1": "af68e171ebf2afb871d996666f13d870ede7150c"
        },
        {
          "path": "settings\/my-upgrade-4.0.4-4.0.5.sql",
          "dir": false,
          "file": true,
          "perms": "0777",
          "size": 1617,
          "sha1": "17a2c06beced490e9c404d946aa7261475d56fda"
        },
        {
          "path": "settings\/my-upgrade-4.1.2-4.1.3.sql",
          "dir": false,
          "file": true,
          "perms": "0777",
          "size": 114,
          "sha1": "003e4174090fd616277a4301a025bdc75ff3e4de"
        },
        {
          "path": "settings\/my-upgrade-4.2.0p9-4.2.1.sql",
          "dir": false,
          "file": true,
          "perms": "0777",
          "size": 114,
          "sha1": "dababd2940dbf13178ab31563fce536c8fdbc75c"
        },
        {
          "path": "settings\/my-upgrade-4.2.3-4.2.3p3.sql",
          "dir": false,
          "file": true,
          "perms": "0777",
          "size": 80,
          "sha1": "1bb52875939e257eed3f847c47ce4520bbb792de"
        },
        {
          "path": "Controller",
          "dir": true,
          "file": false,
          "perms": "0777",
          "size": 4096,
          "sha1": null
        },
        {
          "path": "Controller\/Action",
          "dir": true,
          "file": false,
          "perms": "0777",
          "size": 4096,
          "sha1": null
        },
        {
          "path": "Controller\/Action\/Bridge.php",
          "dir": false,
          "file": true,
          "perms": "0777",
          "size": 31768,
          "sha1": "9194de43b63ec33bea3c1ee39bb0ee666700224c"
        },
        {
          "path": "Plugin",
          "dir": true,
          "file": false,
          "perms": "0777",
          "size": 4096,
          "sha1": null
        },
        {
          "path": "Plugin\/CrashLog.php",
          "dir": false,
          "file": true,
          "perms": "0777",
          "size": 3758,
          "sha1": "5bdc420cbec4d90e72c8a4a7791c6a6d5becd230"
        },
        {
          "path": "Plugin\/Menus.php",
          "dir": false,
          "file": true,
          "perms": "0777",
          "size": 378,
          "sha1": "678a4e8da20696521c5d7f64da4c8cc92e287396"
        },
        {
          "path": "Plugin\/Core.php",
          "dir": false,
          "file": true,
          "perms": "0777",
          "size": 5453,
          "sha1": "ffb70a9731f49ee2873157d050943c5d7d661b2a"
        },
        {
          "path": "View",
          "dir": true,
          "file": false,
          "perms": "0777",
          "size": 4096,
          "sha1": null
        },
        {
          "path": "View\/Helper",
          "dir": true,
          "file": false,
          "perms": "0777",
          "size": 4096,
          "sha1": null
        },
        {
          "path": "View\/Helper\/ActiveTheme.php",
          "dir": false,
          "file": true,
          "perms": "0777",
          "size": 786,
          "sha1": "1f6f5a9bc004176f5acdd038649db60d7bdcb663"
        },
        {
          "path": "View\/Helper\/Truncate.php",
          "dir": false,
          "file": true,
          "perms": "0777",
          "size": 1189,
          "sha1": "af1dfab1936efbcbd34732b777365c4dad29362f"
        },
        {
          "path": "View\/Helper\/HecoreBaseUrl.php",
          "dir": false,
          "file": true,
          "perms": "0777",
          "size": 801,
          "sha1": "17e1ea06e4ff7d5dd72cdee9ea31953128c64053"
        },
        {
          "path": "View\/Helper\/CheckModuleName.php",
          "dir": false,
          "file": true,
          "perms": "0777",
          "size": 1521,
          "sha1": "4356b4ae957942ffb0315dc94f3d463842aba1c9"
        },
        {
          "path": "View\/Helper\/ItemRate.php",
          "dir": false,
          "file": true,
          "perms": "0777",
          "size": 624,
          "sha1": "e936d3edbc494a8cd62f05093754732375d9af51"
        },
        {
          "path": "View\/Helper\/HeViewMore.php",
          "dir": false,
          "file": true,
          "perms": "0777",
          "size": 4734,
          "sha1": "751d3a6bcd20b345f43467c783631a4d4b072c2a"
        },
        {
          "path": "widgets",
          "dir": true,
          "file": false,
          "perms": "0777",
          "size": 4096,
          "sha1": null
        },
        {
          "path": "widgets\/friends",
          "dir": true,
          "file": false,
          "perms": "0777",
          "size": 4096,
          "sha1": null
        },
        {
          "path": "widgets\/friends\/Controller.php",
          "dir": false,
          "file": true,
          "perms": "0777",
          "size": 2995,
          "sha1": "08dea69793adceb07ec8ce1e2cab3b0c655318a0"
        },
        {
          "path": "widgets\/friends\/index.tpl",
          "dir": false,
          "file": true,
          "perms": "0777",
          "size": 3927,
          "sha1": "d8d97c73ed5faf029fa07faa1b9871026b86aed9"
        },
        {
          "path": "widgets\/featured-members",
          "dir": true,
          "file": false,
          "perms": "0777",
          "size": 4096,
          "sha1": null
        },
        {
          "path": "widgets\/featured-members\/Controller.php",
          "dir": false,
          "file": true,
          "perms": "0777",
          "size": 1175,
          "sha1": "4086f9f1494f6773a1efaefbb6e3c5e02beca875"
        },
        {
          "path": "widgets\/featured-members\/index.tpl",
          "dir": false,
          "file": true,
          "perms": "0777",
          "size": 1411,
          "sha1": "271a8347f969bc3ca6a30f5cbd50eef875a2706b"
        },
        {
          "path": "widgets\/mutual-friends",
          "dir": true,
          "file": false,
          "perms": "0777",
          "size": 4096,
          "sha1": null
        },
        {
          "path": "widgets\/mutual-friends\/Controller.php",
          "dir": false,
          "file": true,
          "perms": "0777",
          "size": 1567,
          "sha1": "a1453f1839b07009aa715c6ef30a0d9fbe90ee6b"
        },
        {
          "path": "widgets\/mutual-friends\/index.tpl",
          "dir": false,
          "file": true,
          "perms": "0777",
          "size": 855,
          "sha1": "e1da513d45d16b82e598883fe6420c66bab3641a"
        },
        {
          "path": "widgets\/featured-carousel",
          "dir": true,
          "file": false,
          "perms": "0777",
          "size": 4096,
          "sha1": null
        },
        {
          "path": "widgets\/featured-carousel\/Controller.php",
          "dir": false,
          "file": true,
          "perms": "0777",
          "size": 988,
          "sha1": "3afb8c064575725e17e3b3c2418576b12ab2d635"
        },
        {
          "path": "widgets\/featured-carousel\/index.tpl",
          "dir": false,
          "file": true,
          "perms": "0777",
          "size": 1380,
          "sha1": "884e5f2b5d1f2ef8f9ca4d92c6248a6bd2b2c138"
        },
        {
          "path": "FCClientPHP.php",
          "dir": false,
          "file": true,
          "perms": "0777",
          "size": 11539,
          "sha1": "e2240fb09c600ac49974254a4aa3c93706a50b3b"
        },
        {
          "path": "controllers",
          "dir": true,
          "file": false,
          "perms": "0777",
          "size": 4096,
          "sha1": null
        },
        {
          "path": "controllers\/AdminSettingsController.php",
          "dir": false,
          "file": true,
          "perms": "0777",
          "size": 1238,
          "sha1": "2a85410c557dc141a4529705cc9ffeb676e854a2"
        },
        {
          "path": "controllers\/ModuleController.php",
          "dir": false,
          "file": true,
          "perms": "0777",
          "size": 16271,
          "sha1": "ac2a3710d055bfbc947345f8662ab4836c9d26f4"
        },
        {
          "path": "controllers\/PhotoviewerController.php",
          "dir": false,
          "file": true,
          "perms": "0777",
          "size": 13712,
          "sha1": "e8e5b11f1b40bb91a0e3ed562d46aa5160215bcf"
        },
        {
          "path": "controllers\/AdminFeaturedsController.php",
          "dir": false,
          "file": true,
          "perms": "0777",
          "size": 4375,
          "sha1": "e45e7bdbaf71ffb4ea8b15f305213db8e13024fb"
        },
        {
          "path": "controllers\/AdminIndexController.php",
          "dir": false,
          "file": true,
          "perms": "0777",
          "size": 8065,
          "sha1": "0811fc431ddcf45a189543277241c92240c873a9"
        },
        {
          "path": "controllers\/AdminLogController.php",
          "dir": false,
          "file": true,
          "perms": "0777",
          "size": 2699,
          "sha1": "0bcfc0828d0b330cef1042c7e0e646b99285cbeb"
        },
        {
          "path": "controllers\/IndexController.php",
          "dir": false,
          "file": true,
          "perms": "0777",
          "size": 6253,
          "sha1": "2182cd27f1c142e56214546560ede204be98637e"
        },
        {
          "path": "controllers\/FriendController.php",
          "dir": false,
          "file": true,
          "perms": "0777",
          "size": 4033,
          "sha1": "b5816a3b0ba0c968b30f8ca6ab3818ead985a8a3"
        },
        {
          "path": "Bootstrap.php",
          "dir": false,
          "file": true,
          "perms": "0777",
          "size": 5893,
          "sha1": "b7c4c2a0efbcf5785167ae19c283ceb2daf67753"
        },
        {
          "path": "externals",
          "dir": true,
          "file": false,
          "perms": "0777",
          "size": 4096,
          "sha1": null
        },
        {
          "path": "externals\/styles",
          "dir": true,
          "file": false,
          "perms": "0777",
          "size": 4096,
          "sha1": null
        },
        {
          "path": "externals\/styles\/hestrap.css",
          "dir": false,
          "file": true,
          "perms": "0777",
          "size": 128484,
          "sha1": "a5568fcff49ea6e776e1f9618f5a7302d81b06d5"
        },
        {
          "path": "externals\/styles\/imagezoom",
          "dir": true,
          "file": false,
          "perms": "0777",
          "size": 4096,
          "sha1": null
        },
        {
          "path": "externals\/styles\/imagezoom\/core.css",
          "dir": false,
          "file": true,
          "perms": "0777",
          "size": 4484,
          "sha1": "5d256b8358968c4fcc0d3f79fcbc8297fa06817e"
        },
        {
          "path": "externals\/styles\/main.css",
          "dir": false,
          "file": true,
          "perms": "0777",
          "size": 22892,
          "sha1": "be0b9088054bd3e581abbee5a4299874de1b3345"
        },
        {
          "path": "externals\/styles\/admin",
          "dir": true,
          "file": false,
          "perms": "0777",
          "size": 4096,
          "sha1": null
        },
        {
          "path": "externals\/styles\/admin\/main.css",
          "dir": false,
          "file": true,
          "perms": "0777",
          "size": 4916,
          "sha1": "349c8aa6e47518c0537ab1bf713cee6bfb56bf69"
        },
        {
          "path": "externals\/font",
          "dir": true,
          "file": false,
          "perms": "0777",
          "size": 4096,
          "sha1": null
        },
        {
          "path": "externals\/font\/fontawesome-webfont.svg",
          "dir": false,
          "file": true,
          "perms": "0777",
          "size": 202148,
          "sha1": "46fcc0194d75a0ddac0a038aee41b23456784814"
        },
        {
          "path": "externals\/font\/glyphicons-halflings-regular.eot",
          "dir": false,
          "file": true,
          "perms": "0777",
          "size": 20335,
          "sha1": "f3a9a3b609133c3d21d6b42abbf7f43bd111df72"
        },
        {
          "path": "externals\/font\/fontawesome-webfont.woff",
          "dir": false,
          "file": true,
          "perms": "0777",
          "size": 44432,
          "sha1": "04c3bf56d87a0828935bd6b4aee859995f321693"
        },
        {
          "path": "externals\/font\/fontawesome-webfont.eot",
          "dir": false,
          "file": true,
          "perms": "0777",
          "size": 38205,
          "sha1": "7619748fe34c64fb157a57f6d4ef3678f63a8f5e"
        },
        {
          "path": "externals\/font\/glyphicons-halflings-regular.ttf",
          "dir": false,
          "file": true,
          "perms": "0777",
          "size": 41280,
          "sha1": "aafafdc09404c4aa4447d7e898a2183def9cc1b1"
        },
        {
          "path": "externals\/font\/glyphicons-halflings-regular.svg",
          "dir": false,
          "file": true,
          "perms": "0777",
          "size": 62927,
          "sha1": "3ef91859cbec165ac97df6957b176f69e8d6a04d"
        },
        {
          "path": "externals\/font\/glyphicons-halflings-regular.woff",
          "dir": false,
          "file": true,
          "perms": "0777",
          "size": 23320,
          "sha1": "22037a3455914e5662fa51a596677bdb329e2c5c"
        },
        {
          "path": "externals\/font\/fontawesome-webfont.ttf",
          "dir": false,
          "file": true,
          "perms": "0777",
          "size": 80652,
          "sha1": "7f09c97f333917034ad08fa7295e916c9f72fd3f"
        },
        {
          "path": "externals\/font\/FontAwesome.otf",
          "dir": false,
          "file": true,
          "perms": "0777",
          "size": 62856,
          "sha1": "b5b4f9be85f91f10799e87a083da1d050f842734"
        },
        {
          "path": "externals\/.htaccess",
          "dir": false,
          "file": true,
          "perms": "0777",
          "size": 147,
          "sha1": "9f1638a8edbe1c5d28789e017fb35b2f2465f01e"
        },
        {
          "path": "externals\/images",
          "dir": true,
          "file": false,
          "perms": "0777",
          "size": 4096,
          "sha1": null
        },
        {
          "path": "externals\/images\/prev.png",
          "dir": false,
          "file": true,
          "perms": "0777",
          "size": 697,
          "sha1": "16b2ac93bcad64feed36d5ecf2b7fdac4ebcfbb7"
        },
        {
          "path": "externals\/images\/plugin.png",
          "dir": false,
          "file": true,
          "perms": "0777",
          "size": 5832,
          "sha1": "a43b77405f01d186b6779222624afcce1c0b846a"
        },
        {
          "path": "externals\/images\/friends",
          "dir": true,
          "file": false,
          "perms": "0777",
          "size": 4096,
          "sha1": null
        },
        {
          "path": "externals\/images\/friends\/add_list.png",
          "dir": false,
          "file": true,
          "perms": "0777",
          "size": 201,
          "sha1": "6197eb13b4254f77f16833e1a9a8640e939d574c"
        },
        {
          "path": "externals\/images\/friends\/list.png",
          "dir": false,
          "file": true,
          "perms": "0777",
          "size": 622,
          "sha1": "e1f2645ef808a01f6b022c272eeb360d85d96dbc"
        },
        {
          "path": "externals\/images\/friends\/list_unjoined.png",
          "dir": false,
          "file": true,
          "perms": "0777",
          "size": 274,
          "sha1": "72a62d68d28d66e90fb1174eed55fa32ac7bfe75"
        },
        {
          "path": "externals\/images\/friends\/remove.png",
          "dir": false,
          "file": true,
          "perms": "0777",
          "size": 767,
          "sha1": "7c9dfd9e984a91c5c56f0ec9b77bebcf6da3f9a2"
        },
        {
          "path": "externals\/images\/friends\/accepted.png",
          "dir": false,
          "file": true,
          "perms": "0777",
          "size": 746,
          "sha1": "56a6f12c36ef9e5220b070830a3d36b23450ff22"
        },
        {
          "path": "externals\/images\/friends\/list_joined.png",
          "dir": false,
          "file": true,
          "perms": "0777",
          "size": 295,
          "sha1": "97deda5f041d16c2195e4b4db6dda79b8552a173"
        },
        {
          "path": "externals\/images\/friends\/add.png",
          "dir": false,
          "file": true,
          "perms": "0777",
          "size": 746,
          "sha1": "56a6f12c36ef9e5220b070830a3d36b23450ff22"
        },
        {
          "path": "externals\/images\/friends\/request.png",
          "dir": false,
          "file": true,
          "perms": "0777",
          "size": 793,
          "sha1": "377b8e43aec5cb8c28d5c5bce917bca36d3473c5"
        },
        {
          "path": "externals\/images\/star_big_half_rtl.png",
          "dir": false,
          "file": true,
          "perms": "0777",
          "size": 679,
          "sha1": "5e52f60fe03f11dfb8bfa6b84601f93e84207dc2"
        },
        {
          "path": "externals\/images\/he_contacts_loading.gif",
          "dir": false,
          "file": true,
          "perms": "0777",
          "size": 6494,
          "sha1": "59ac628d15706dab9a980504c2d5c792fa0a7721"
        },
        {
          "path": "externals\/images\/close_btn_small.png",
          "dir": false,
          "file": true,
          "perms": "0777",
          "size": 586,
          "sha1": "127fc34f7570268cf0ac879ed1eb2a290ecb0bef"
        },
        {
          "path": "externals\/images\/update.png",
          "dir": false,
          "file": true,
          "perms": "0777",
          "size": 3659,
          "sha1": "acf1c4d90767758d64667fd22ed9b3cf26362a01"
        },
        {
          "path": "externals\/images\/star_big.png",
          "dir": false,
          "file": true,
          "perms": "0777",
          "size": 670,
          "sha1": "8fd08b1c430aa569e93d7fcd42f2f03b4ce57c02"
        },
        {
          "path": "externals\/images\/help.png",
          "dir": false,
          "file": true,
          "perms": "0777",
          "size": 786,
          "sha1": "f634dc6029ca53638dd2eaa68f4de81db3b40741"
        },
        {
          "path": "externals\/images\/star_half.png",
          "dir": false,
          "file": true,
          "perms": "0777",
          "size": 2885,
          "sha1": "1cb3a424b11161426a7d5fa647a19b7f08d8c7bf"
        },
        {
          "path": "externals\/images\/move_up.png",
          "dir": false,
          "file": true,
          "perms": "0777",
          "size": 413,
          "sha1": "06851bf9049b1f1bfabff6ad51bea01e154e6711"
        },
        {
          "path": "externals\/images\/send_update.png",
          "dir": false,
          "file": true,
          "perms": "0777",
          "size": 3305,
          "sha1": "d66e7354fcfe133d9d00f86757170a1cccc733d2"
        },
        {
          "path": "externals\/images\/search.png",
          "dir": false,
          "file": true,
          "perms": "0777",
          "size": 296,
          "sha1": "31d1c3a98b94f61b95174e265a789a8af10086a5"
        },
        {
          "path": "externals\/images\/previous.png",
          "dir": false,
          "file": true,
          "perms": "0777",
          "size": 345,
          "sha1": "cc0eecde5d7e957071a9d72f751384ca974631fa"
        },
        {
          "path": "externals\/images\/lock.png",
          "dir": false,
          "file": true,
          "perms": "0777",
          "size": 3423,
          "sha1": "7aa6b295270615ed60e2b9700c9a1da5f67637f8"
        },
        {
          "path": "externals\/images\/featured_icon.png",
          "dir": false,
          "file": true,
          "perms": "0777",
          "size": 695,
          "sha1": "0e85fd49f312e6548fa4a967bec9b22abba74df4"
        },
        {
          "path": "externals\/images\/clear.png",
          "dir": false,
          "file": true,
          "perms": "0777",
          "size": 666,
          "sha1": "2dbba50ff8a0b3bbea317e706dba2e95221b53ae"
        },
        {
          "path": "externals\/images\/next_disabled.png",
          "dir": false,
          "file": true,
          "perms": "0777",
          "size": 570,
          "sha1": "8e4a798abebdbc35adb24c34d46ad82e163d4b4c"
        },
        {
          "path": "externals\/images\/admin_logo.png",
          "dir": false,
          "file": true,
          "perms": "0777",
          "size": 7025,
          "sha1": "8dab1fd871ffa4af059ff831137572e8095c4669"
        },
        {
          "path": "externals\/images\/arrow_down.png",
          "dir": false,
          "file": true,
          "perms": "0777",
          "size": 2889,
          "sha1": "4f4273fea1cc401e66907dacddd04bc23cc20b3c"
        },
        {
          "path": "externals\/images\/comments.png",
          "dir": false,
          "file": true,
          "perms": "0777",
          "size": 557,
          "sha1": "1bdc8530d46a2974538f13383af8f485a5da9209"
        },
        {
          "path": "externals\/images\/large-loading.gif",
          "dir": false,
          "file": true,
          "perms": "0777",
          "size": 1588,
          "sha1": "a6621b4c1ea148c727cc2b1a360261b9e1317c8b"
        },
        {
          "path": "externals\/images\/featuredoff_icon.png",
          "dir": false,
          "file": true,
          "perms": "0777",
          "size": 508,
          "sha1": "708e2ec8279906f63061b615d4dfdcbf2389c8a2"
        },
        {
          "path": "externals\/images\/next_active.png",
          "dir": false,
          "file": true,
          "perms": "0777",
          "size": 715,
          "sha1": "dc2b743a54f81598dd71be3f86a071a19f270f06"
        },
        {
          "path": "externals\/images\/error.png",
          "dir": false,
          "file": true,
          "perms": "0777",
          "size": 666,
          "sha1": "3855754e8fc9331c67dd2d0789d9f2d6e7daae8b"
        },
        {
          "path": "externals\/images\/foreground_bg.png",
          "dir": false,
          "file": true,
          "perms": "0777",
          "size": 104,
          "sha1": "e1101da533d39ef75c452ab6f35e3b275d3f8eca"
        },
        {
          "path": "externals\/images\/star.png",
          "dir": false,
          "file": true,
          "perms": "0777",
          "size": 3003,
          "sha1": "6dac4a9d5f4b0b1f767ab3c7c4674aab7fb298cb"
        },
        {
          "path": "externals\/images\/loadmore.png",
          "dir": false,
          "file": true,
          "perms": "0777",
          "size": 506,
          "sha1": "30947760c0d0a7f55a718f62f93392e6656e6d69"
        },
        {
          "path": "externals\/images\/he_contacts_no_photo.png",
          "dir": false,
          "file": true,
          "perms": "0777",
          "size": 1910,
          "sha1": "b9618d3c2a93ac95a93d91d6eb7026f40f25ad6e"
        },
        {
          "path": "externals\/images\/imagezoom",
          "dir": true,
          "file": false,
          "perms": "0777",
          "size": 4096,
          "sha1": null
        },
        {
          "path": "externals\/images\/imagezoom\/prev.png",
          "dir": false,
          "file": true,
          "perms": "0777",
          "size": 3274,
          "sha1": "ac1c8adb62735c705b2599dc7110c91f15f7b459"
        },
        {
          "path": "externals\/images\/imagezoom\/shadow_tr.png",
          "dir": false,
          "file": true,
          "perms": "0777",
          "size": 245,
          "sha1": "cdf50e852ab27a7bad52565fea310d0cd3bdebb9"
        },
        {
          "path": "externals\/images\/imagezoom\/shadow_br.png",
          "dir": false,
          "file": true,
          "perms": "0777",
          "size": 239,
          "sha1": "07b6941f8260d323d433c9daf8cb0a4090117776"
        },
        {
          "path": "externals\/images\/imagezoom\/closebox.gif",
          "dir": false,
          "file": true,
          "perms": "0777",
          "size": 1237,
          "sha1": "61f648b2a0fe94e705a1f7435defea6e7cf4bcea"
        },
        {
          "path": "externals\/images\/imagezoom\/caption.png",
          "dir": false,
          "file": true,
          "perms": "0777",
          "size": 4969,
          "sha1": "afe5088dda6a4d2a77f86436ef3c8ff317a2ff90"
        },
        {
          "path": "externals\/images\/imagezoom\/shadow_bottom.png",
          "dir": false,
          "file": true,
          "perms": "0777",
          "size": 136,
          "sha1": "7df9589ce7aaf3aec25ee966490bcaf5ef53020d"
        },
        {
          "path": "externals\/images\/imagezoom\/shadow_right.png",
          "dir": false,
          "file": true,
          "perms": "0777",
          "size": 146,
          "sha1": "9bc520db5ef017f8b5785d1592aa458e6b9b2edc"
        },
        {
          "path": "externals\/images\/imagezoom\/loading.gif",
          "dir": false,
          "file": true,
          "perms": "0777",
          "size": 2767,
          "sha1": "bd54db91b81fa8a9ec37c93b10948dd8b690e4c4"
        },
        {
          "path": "externals\/images\/imagezoom\/shadow_left.png",
          "dir": false,
          "file": true,
          "perms": "0777",
          "size": 140,
          "sha1": "61dcf443e921fc2a311cc8d1af5f4fa77dccb3e3"
        },
        {
          "path": "externals\/images\/imagezoom\/prev.gif",
          "dir": false,
          "file": true,
          "perms": "0777",
          "size": 3430,
          "sha1": "84a761bc1251e43eba9ef3cec39f3deb2c523df7"
        },
        {
          "path": "externals\/images\/imagezoom\/closebox.png",
          "dir": false,
          "file": true,
          "perms": "0777",
          "size": 1910,
          "sha1": "6227e5d22184d5f4a01aa29aa35f92717c6e838b"
        },
        {
          "path": "externals\/images\/imagezoom\/shadow_bl.png",
          "dir": false,
          "file": true,
          "perms": "0777",
          "size": 221,
          "sha1": "723bdacdd55efae5565e10287c4d37d8bd265ea0"
        },
        {
          "path": "externals\/images\/imagezoom\/next.png",
          "dir": false,
          "file": true,
          "perms": "0777",
          "size": 3282,
          "sha1": "37a915b70ed45f08327de63db85d2f3131991b0b"
        },
        {
          "path": "externals\/images\/imagezoom\/shadow_top.png",
          "dir": false,
          "file": true,
          "perms": "0777",
          "size": 129,
          "sha1": "0fd678393e20d2657aee097ed521563f82e5397e"
        },
        {
          "path": "externals\/images\/imagezoom\/shadow_tl.png",
          "dir": false,
          "file": true,
          "perms": "0777",
          "size": 207,
          "sha1": "885014ca7d03bf981e07793ae0f904f52d66c987"
        },
        {
          "path": "externals\/images\/imagezoom\/next.gif",
          "dir": false,
          "file": true,
          "perms": "0777",
          "size": 3427,
          "sha1": "f72aab3e4ebc733e06d0fccc8fead5472b5051c2"
        },
        {
          "path": "externals\/images\/prev_active.png",
          "dir": false,
          "file": true,
          "perms": "0777",
          "size": 708,
          "sha1": "ff161b86c24589915e2ad08a1005255404f1a6c9"
        },
        {
          "path": "externals\/images\/notice.png",
          "dir": false,
          "file": true,
          "perms": "0777",
          "size": 537,
          "sha1": "d0a90047653afcdac85171e6b34d599538b89773"
        },
        {
          "path": "externals\/images\/friend_loading.gif",
          "dir": false,
          "file": true,
          "perms": "0777",
          "size": 1900,
          "sha1": "aa3f96acd9c49265c63a5ff449a97766c0d7b07d"
        },
        {
          "path": "externals\/images\/arrow_down_mini.png",
          "dir": false,
          "file": true,
          "perms": "0777",
          "size": 54,
          "sha1": "c19057acc7c4bc015f4a79a1ad5410cba6737ab4"
        },
        {
          "path": "externals\/images\/next_rtl.png",
          "dir": false,
          "file": true,
          "perms": "0777",
          "size": 345,
          "sha1": "cc0eecde5d7e957071a9d72f751384ca974631fa"
        },
        {
          "path": "externals\/images\/he_contacts_more_disabled.png",
          "dir": false,
          "file": true,
          "perms": "0777",
          "size": 386,
          "sha1": "04a560dc50ad6ca0db9a864aab0a80ff22395b9c"
        },
        {
          "path": "externals\/images\/types",
          "dir": true,
          "file": false,
          "perms": "0777",
          "size": 4096,
          "sha1": null
        },
        {
          "path": "externals\/images\/types\/post.png",
          "dir": false,
          "file": true,
          "perms": "0777",
          "size": 413,
          "sha1": "5040bd61de2f06bb58e2d1a5e78886578bcc61c5"
        },
        {
          "path": "externals\/images\/types\/core_link.png",
          "dir": false,
          "file": true,
          "perms": "0777",
          "size": 343,
          "sha1": "f1619fc39a1873bf8aac1544c5e8142188c9806f"
        },
        {
          "path": "externals\/images\/loading.gif",
          "dir": false,
          "file": true,
          "perms": "0777",
          "size": 878,
          "sha1": "54fc32753d51a95f7c61b10f0b8a0bfa1b2a2e57"
        },
        {
          "path": "externals\/images\/more_dark.png",
          "dir": false,
          "file": true,
          "perms": "0777",
          "size": 188,
          "sha1": "08b66e8b16840436dc1694dffa80632ceecdf987"
        },
        {
          "path": "externals\/images\/report.png",
          "dir": false,
          "file": true,
          "perms": "0777",
          "size": 665,
          "sha1": "6299e5cefae503a3e2891843b2a8c6cce0e15351"
        },
        {
          "path": "externals\/images\/back.png",
          "dir": false,
          "file": true,
          "perms": "0777",
          "size": 345,
          "sha1": "cc0eecde5d7e957071a9d72f751384ca974631fa"
        },
        {
          "path": "externals\/images\/star_big_half.png",
          "dir": false,
          "file": true,
          "perms": "0777",
          "size": 630,
          "sha1": "ae54130cbe91d76c5d0be719d64a0721daac41d4"
        },
        {
          "path": "externals\/images\/more_active.png",
          "dir": false,
          "file": true,
          "perms": "0777",
          "size": 220,
          "sha1": "91309445de8879bbb42b20f80d0f6a17111daad5"
        },
        {
          "path": "externals\/images\/config.png",
          "dir": false,
          "file": true,
          "perms": "0777",
          "size": 512,
          "sha1": "bda19a5e3e34a27909ee79f59c4042ebfb12994c"
        },
        {
          "path": "externals\/images\/he_contacts_checkbox.gif",
          "dir": false,
          "file": true,
          "perms": "0777",
          "size": 1979,
          "sha1": "ad3e0ebd510af141d0518d2517b7110db68a9154"
        },
        {
          "path": "externals\/images\/news.png",
          "dir": false,
          "file": true,
          "perms": "0777",
          "size": 2875,
          "sha1": "1c0e2810544d78d127f074b4be2ec3fc66a719db"
        },
        {
          "path": "externals\/images\/markread.png",
          "dir": false,
          "file": true,
          "perms": "0777",
          "size": 781,
          "sha1": "8872adf860a379cf6eab4faf35a67301b38325c6"
        },
        {
          "path": "externals\/images\/star_half_rtl.png",
          "dir": false,
          "file": true,
          "perms": "0777",
          "size": 2887,
          "sha1": "a60094883d456573b3e120c3dbf7c781a3476ff3"
        },
        {
          "path": "externals\/images\/transparent.png",
          "dir": false,
          "file": true,
          "perms": "0777",
          "size": 109,
          "sha1": "3a4b24394ac7492099b02e140b19db8fef7bfd50"
        },
        {
          "path": "externals\/images\/more.png",
          "dir": false,
          "file": true,
          "perms": "0777",
          "size": 250,
          "sha1": "e90346d849a29a3c679b6b3b01f406d6e88dd188"
        },
        {
          "path": "externals\/images\/send.png",
          "dir": false,
          "file": true,
          "perms": "0777",
          "size": 3305,
          "sha1": "d66e7354fcfe133d9d00f86757170a1cccc733d2"
        },
        {
          "path": "externals\/images\/star_big_disabled.png",
          "dir": false,
          "file": true,
          "perms": "0777",
          "size": 374,
          "sha1": "017ee97f7c14adc3a253ddb38b25f567a38d8211"
        },
        {
          "path": "externals\/images\/nophoto_page_thumb_icon.png",
          "dir": false,
          "file": true,
          "perms": "0777",
          "size": 1074,
          "sha1": "0e571d59a36a7d53f82febc67a13c4e862c2525b"
        },
        {
          "path": "externals\/images\/buttonbg.png",
          "dir": false,
          "file": true,
          "perms": "0777",
          "size": 152,
          "sha1": "fdfd1cccea6009e9311c4695d5fadf34871c8f18"
        },
        {
          "path": "externals\/images\/checkbox2.gif",
          "dir": false,
          "file": true,
          "perms": "0777",
          "size": 570,
          "sha1": "27e5179e761b083695e38389d35af1a58298207b"
        },
        {
          "path": "externals\/images\/he_contact_bgs.gif",
          "dir": false,
          "file": true,
          "perms": "0777",
          "size": 1170,
          "sha1": "2322c195e8d3a50d63e919facf814733030fb334"
        },
        {
          "path": "externals\/images\/he_contacts_more.png",
          "dir": false,
          "file": true,
          "perms": "0777",
          "size": 292,
          "sha1": "5656baa9c4f526ceade9719ef96fb9f4964741cd"
        },
        {
          "path": "externals\/images\/socialengine_logo_admin.png",
          "dir": false,
          "file": true,
          "perms": "0777",
          "size": 6784,
          "sha1": "be68c3a6080028f6141cb95a5b7e702b10898e9a"
        },
        {
          "path": "externals\/images\/he_contacts_checked_i.gif",
          "dir": false,
          "file": true,
          "perms": "0777",
          "size": 854,
          "sha1": "09c8b0093cb8e7e436a32f8727677e95f0402b5d"
        },
        {
          "path": "externals\/images\/tip.png",
          "dir": false,
          "file": true,
          "perms": "0777",
          "size": 782,
          "sha1": "5a984aa9106746df874b6c25b911b1fd13c4f5bd"
        },
        {
          "path": "externals\/images\/support.png",
          "dir": false,
          "file": true,
          "perms": "0777",
          "size": 975,
          "sha1": "3441552d19411da34a1f04b2bc5a9c7263246a7a"
        },
        {
          "path": "externals\/images\/back_rtl.png",
          "dir": false,
          "file": true,
          "perms": "0777",
          "size": 399,
          "sha1": "1154ab2737d31af7ae143abc5ade6cc64cffb054"
        },
        {
          "path": "externals\/images\/anonymous.png",
          "dir": false,
          "file": true,
          "perms": "0777",
          "size": 786,
          "sha1": "245b3390c189b62b78813b127f4db17fb32059da"
        },
        {
          "path": "externals\/images\/prev_disabled.png",
          "dir": false,
          "file": true,
          "perms": "0777",
          "size": 559,
          "sha1": "f5cabdd211726347b442fa3f4f39bd650e282218"
        },
        {
          "path": "externals\/images\/move_down.png",
          "dir": false,
          "file": true,
          "perms": "0777",
          "size": 455,
          "sha1": "09387501e9c6cff44041d28415d556a18d7cb305"
        },
        {
          "path": "externals\/images\/socialengine_logo_admin1.png",
          "dir": false,
          "file": true,
          "perms": "0777",
          "size": 3701,
          "sha1": "a92e0160040e71c3c147227274c9699a779fa641"
        },
        {
          "path": "externals\/images\/content",
          "dir": true,
          "file": false,
          "perms": "0777",
          "size": 4096,
          "sha1": null
        },
        {
          "path": "externals\/images\/content\/static.png",
          "dir": false,
          "file": true,
          "perms": "0777",
          "size": 324,
          "sha1": "2ec6fb270e1b14d10298a0941aa3b1725d73f397"
        },
        {
          "path": "externals\/images\/content\/dynamic.png",
          "dir": false,
          "file": true,
          "perms": "0777",
          "size": 324,
          "sha1": "eb0edfe665b93fbbe22e94a5389a2bee1b58e324"
        },
        {
          "path": "externals\/images\/content\/cols2_3.png",
          "dir": false,
          "file": true,
          "perms": "0777",
          "size": 223,
          "sha1": "f10d1a3cd0fc9e50d602849460b464667669201a"
        },
        {
          "path": "externals\/images\/content\/disabled.png",
          "dir": false,
          "file": true,
          "perms": "0777",
          "size": 374,
          "sha1": "c8a3fddea3f68eaad671e19b9156ed071f96c2d8"
        },
        {
          "path": "externals\/images\/content\/blocks_hide.png",
          "dir": false,
          "file": true,
          "perms": "0777",
          "size": 138,
          "sha1": "bc37c832f37221e7e61e0846f9dfa1a2d824f0ce"
        },
        {
          "path": "externals\/images\/content\/cols2_2left.png",
          "dir": false,
          "file": true,
          "perms": "0777",
          "size": 219,
          "sha1": "248423921be6392d82df43f7d887487a13fe1034"
        },
        {
          "path": "externals\/images\/content\/cols3_1.png",
          "dir": false,
          "file": true,
          "perms": "0777",
          "size": 205,
          "sha1": "6e7bba911b46447b55a638ef1a163cf9f8d1fb01"
        },
        {
          "path": "externals\/images\/content\/theme2.jpg",
          "dir": false,
          "file": true,
          "perms": "0777",
          "size": 5876,
          "sha1": "f51d2cd9e03c72ee22b496cfeb9e115a2709612a"
        },
        {
          "path": "externals\/images\/content\/placeholder.png",
          "dir": false,
          "file": true,
          "perms": "0777",
          "size": 144,
          "sha1": "77ec218dacf7b2d72246a40377a7b1beb56c6b18"
        },
        {
          "path": "externals\/images\/content\/theme3.jpg",
          "dir": false,
          "file": true,
          "perms": "0777",
          "size": 5224,
          "sha1": "1de3cf63ae4f7ac9cd2964261eed37fa5bbf4c8a"
        },
        {
          "path": "externals\/images\/content\/cols1_2left.png",
          "dir": false,
          "file": true,
          "perms": "0777",
          "size": 213,
          "sha1": "ced6a6d712aa57abbd1deed0253ee5edeb9ff9e5"
        },
        {
          "path": "externals\/images\/content\/theme1.jpg",
          "dir": false,
          "file": true,
          "perms": "0777",
          "size": 4871,
          "sha1": "2954b8099f12c49ec5dcd95b7e797bf30015ddc4"
        },
        {
          "path": "externals\/images\/content\/cols2_2right.png",
          "dir": false,
          "file": true,
          "perms": "0777",
          "size": 219,
          "sha1": "6fff644dc32a5679e920ffebb349f5fa9d13c61b"
        },
        {
          "path": "externals\/images\/content\/cols1_2right.png",
          "dir": false,
          "file": true,
          "perms": "0777",
          "size": 210,
          "sha1": "c4d1574c0aa9f14eb11ed48420ef651419e560bb"
        },
        {
          "path": "externals\/images\/content\/cols3_3.png",
          "dir": false,
          "file": true,
          "perms": "0777",
          "size": 229,
          "sha1": "5237f86edb6b95845473f601cf7b025e4ba9b796"
        },
        {
          "path": "externals\/images\/content\/cols1_1.png",
          "dir": false,
          "file": true,
          "perms": "0777",
          "size": 206,
          "sha1": "24e263cdbd829b5cec27b7f93e0f0b762ff7c7b0"
        },
        {
          "path": "externals\/images\/content\/cols1_3.png",
          "dir": false,
          "file": true,
          "perms": "0777",
          "size": 216,
          "sha1": "d84e1d4dd69e0d554952a9ed5dc39b63c259c3f7"
        },
        {
          "path": "externals\/images\/content\/blocks_show.png",
          "dir": false,
          "file": true,
          "perms": "0777",
          "size": 147,
          "sha1": "83819aa6dd69a795c0541ca5e6de645170e53770"
        },
        {
          "path": "externals\/images\/content\/cols3_2left.png",
          "dir": false,
          "file": true,
          "perms": "0777",
          "size": 225,
          "sha1": "693462c006f9286fafc6b6c32abf3321b08b84e8"
        },
        {
          "path": "externals\/images\/content\/cols3_2right.png",
          "dir": false,
          "file": true,
          "perms": "0777",
          "size": 224,
          "sha1": "54ac5e6c9c0be1ee4128e6c75a78feda54a6ad36"
        },
        {
          "path": "externals\/images\/content\/cols2_1.png",
          "dir": false,
          "file": true,
          "perms": "0777",
          "size": 206,
          "sha1": "59f10b5bfd2e04d24a68336c8184eb59430d0e04"
        },
        {
          "path": "externals\/images\/viewmore.png",
          "dir": false,
          "file": true,
          "perms": "0777",
          "size": 426,
          "sha1": "bf3c7a50ffa57b3c3e06481f8061d1340662f2a8"
        },
        {
          "path": "externals\/images\/star_disabled.png",
          "dir": false,
          "file": true,
          "perms": "0777",
          "size": 185,
          "sha1": "5156702496c5986106156717d30338be47e70ce8"
        },
        {
          "path": "externals\/images\/next.png",
          "dir": false,
          "file": true,
          "perms": "0777",
          "size": 349,
          "sha1": "5b1f5c30e8e59de2ad57e778cca06a07bf64b8d8"
        },
        {
          "path": "externals\/images\/delete.png",
          "dir": false,
          "file": true,
          "perms": "0777",
          "size": 715,
          "sha1": "8f0ebcb45d7ba71a541d4781329f4a6900c7ee65"
        },
        {
          "path": "externals\/images\/trans.gif",
          "dir": false,
          "file": true,
          "perms": "0777",
          "size": 43,
          "sha1": "2daeaa8b5f19f0bc209d976c02bd6acb51b00b0a"
        },
        {
          "path": "externals\/images\/list_filter_btn.png",
          "dir": false,
          "file": true,
          "perms": "0777",
          "size": 426,
          "sha1": "762d51baf8a1cba2f077d3a368c2ba84f1a669b5"
        },
        {
          "path": "externals\/images\/photo_close.png",
          "dir": false,
          "file": true,
          "perms": "0777",
          "size": 1996,
          "sha1": "61cfbbc08de7e34c4a8ee5e5e8066de10a3c73af"
        },
        {
          "path": "externals\/images\/edit.png",
          "dir": false,
          "file": true,
          "perms": "0777",
          "size": 444,
          "sha1": "3bed7d7fef488eb238a052b5afe174847d109b8d"
        },
        {
          "path": "externals\/images\/previous_rtl.png",
          "dir": false,
          "file": true,
          "perms": "0777",
          "size": 399,
          "sha1": "1154ab2737d31af7ae143abc5ade6cc64cffb054"
        },
        {
          "path": "externals\/images\/bulb16.gif",
          "dir": false,
          "file": true,
          "perms": "0777",
          "size": 384,
          "sha1": "74711a4997fd31509bb177020d9c9a43aed56b04"
        },
        {
          "path": "externals\/images\/he_contact_bgs2.gif",
          "dir": false,
          "file": true,
          "perms": "0777",
          "size": 1129,
          "sha1": "0be3af2725205be42ed01fd33dcef84228880c19"
        },
        {
          "path": "externals\/images\/license.png",
          "dir": false,
          "file": true,
          "perms": "0777",
          "size": 1871,
          "sha1": "137a3af075d077f844413d5d33c7e0dde9cee3a5"
        },
        {
          "path": "externals\/images\/attachment.png",
          "dir": false,
          "file": true,
          "perms": "0777",
          "size": 391,
          "sha1": "fa205706241698058266262c2b420d9c4336ba27"
        },
        {
          "path": "externals\/images\/admin",
          "dir": true,
          "file": false,
          "perms": "0777",
          "size": 4096,
          "sha1": null
        },
        {
          "path": "externals\/images\/admin\/window_close.png",
          "dir": false,
          "file": true,
          "perms": "0777",
          "size": 166,
          "sha1": "a68611ecd53fb7b354b8f7d74b48bd9a984df851"
        },
        {
          "path": "externals\/images\/admin\/theme_clone.png",
          "dir": false,
          "file": true,
          "perms": "0777",
          "size": 859,
          "sha1": "c9b89807e5934f7dbc2f0fe6bd1ad0c4172f877f"
        },
        {
          "path": "externals\/images\/admin\/links_stats.png",
          "dir": false,
          "file": true,
          "perms": "0777",
          "size": 710,
          "sha1": "26c67bf3a60c4b0728514a2c24d8be0367765d3d"
        },
        {
          "path": "externals\/images\/admin\/help.png",
          "dir": false,
          "file": true,
          "perms": "0777",
          "size": 786,
          "sha1": "f634dc6029ca53638dd2eaa68f4de81db3b40741"
        },
        {
          "path": "externals\/images\/admin\/move_up.png",
          "dir": false,
          "file": true,
          "perms": "0777",
          "size": 413,
          "sha1": "06851bf9049b1f1bfabff6ad51bea01e154e6711"
        },
        {
          "path": "externals\/images\/admin\/previous.png",
          "dir": false,
          "file": true,
          "perms": "0777",
          "size": 345,
          "sha1": "cc0eecde5d7e957071a9d72f751384ca974631fa"
        },
        {
          "path": "externals\/images\/admin\/language_new.png",
          "dir": false,
          "file": true,
          "perms": "0777",
          "size": 714,
          "sha1": "7cbc947612ae34bfeb9a0314ddf2155f8ac620c1"
        },
        {
          "path": "externals\/images\/admin\/theme_export.png",
          "dir": false,
          "file": true,
          "perms": "0777",
          "size": 804,
          "sha1": "55b6cb7de40a1fd132d81ea3618886be380a458f"
        },
        {
          "path": "externals\/images\/admin\/lock.png",
          "dir": false,
          "file": true,
          "perms": "0777",
          "size": 3423,
          "sha1": "7aa6b295270615ed60e2b9700c9a1da5f67637f8"
        },
        {
          "path": "externals\/images\/admin\/menus_addmenu.png",
          "dir": false,
          "file": true,
          "perms": "0777",
          "size": 787,
          "sha1": "a96bb7d41779b192bfaba4f4b9525d77e916b2e5"
        },
        {
          "path": "externals\/images\/admin\/clear.png",
          "dir": false,
          "file": true,
          "perms": "0777",
          "size": 666,
          "sha1": "2dbba50ff8a0b3bbea317e706dba2e95221b53ae"
        },
        {
          "path": "externals\/images\/admin\/sortable.png",
          "dir": false,
          "file": true,
          "perms": "0777",
          "size": 366,
          "sha1": "9938297ce6b2fe8a5e4920c23b3145c736a52998"
        },
        {
          "path": "externals\/images\/admin\/links_layout.png",
          "dir": false,
          "file": true,
          "perms": "0777",
          "size": 519,
          "sha1": "6a0b266378d4034c31319218afe462217782a3f4"
        },
        {
          "path": "externals\/images\/admin\/comments.png",
          "dir": false,
          "file": true,
          "perms": "0777",
          "size": 557,
          "sha1": "1bdc8530d46a2974538f13383af8f485a5da9209"
        },
        {
          "path": "externals\/images\/admin\/deletepage.png",
          "dir": false,
          "file": true,
          "perms": "0777",
          "size": 740,
          "sha1": "201689b7e328b8008ea41f6f2c66cdae0cea6e85"
        },
        {
          "path": "externals\/images\/admin\/file_type_image.png",
          "dir": false,
          "file": true,
          "perms": "0777",
          "size": 516,
          "sha1": "d7d5903cca7649f70e98e5d8ed27df5ae1095883"
        },
        {
          "path": "externals\/images\/admin\/package_browse.png",
          "dir": false,
          "file": true,
          "perms": "0777",
          "size": 825,
          "sha1": "aaa59c699c7356f20eac1a921c6517cb3f06de54"
        },
        {
          "path": "externals\/images\/admin\/error.png",
          "dir": false,
          "file": true,
          "perms": "0777",
          "size": 666,
          "sha1": "3855754e8fc9331c67dd2d0789d9f2d6e7daae8b"
        },
        {
          "path": "externals\/images\/admin\/package_add.png",
          "dir": false,
          "file": true,
          "perms": "0777",
          "size": 899,
          "sha1": "4ae77bcc61142fb834fae41359943adb8249977e"
        },
        {
          "path": "externals\/images\/admin\/menus_additem.png",
          "dir": false,
          "file": true,
          "perms": "0777",
          "size": 488,
          "sha1": "89eee84d0347782409db5e0301c15c4280d07777"
        },
        {
          "path": "externals\/images\/admin\/next_rtl.png",
          "dir": false,
          "file": true,
          "perms": "0777",
          "size": 345,
          "sha1": "cc0eecde5d7e957071a9d72f751384ca974631fa"
        },
        {
          "path": "externals\/images\/admin\/bulb.png",
          "dir": false,
          "file": true,
          "perms": "0777",
          "size": 782,
          "sha1": "5a984aa9106746df874b6c25b911b1fd13c4f5bd"
        },
        {
          "path": "externals\/images\/admin\/loading.gif",
          "dir": false,
          "file": true,
          "perms": "0777",
          "size": 878,
          "sha1": "54fc32753d51a95f7c61b10f0b8a0bfa1b2a2e57"
        },
        {
          "path": "externals\/images\/admin\/editcolumns.png",
          "dir": false,
          "file": true,
          "perms": "0777",
          "size": 519,
          "sha1": "6a0b266378d4034c31319218afe462217782a3f4"
        },
        {
          "path": "externals\/images\/admin\/links_getthemes.png",
          "dir": false,
          "file": true,
          "perms": "0777",
          "size": 811,
          "sha1": "4bd176353fc7a553b6a7c8f85030cc6243bd2573"
        },
        {
          "path": "externals\/images\/admin\/back.png",
          "dir": false,
          "file": true,
          "perms": "0777",
          "size": 345,
          "sha1": "cc0eecde5d7e957071a9d72f751384ca974631fa"
        },
        {
          "path": "externals\/images\/admin\/savechanges.png",
          "dir": false,
          "file": true,
          "perms": "0777",
          "size": 620,
          "sha1": "f72754fd1bdf83b87ee717ff6f5b181ae7384cd2"
        },
        {
          "path": "externals\/images\/admin\/editinfo.png",
          "dir": false,
          "file": true,
          "perms": "0777",
          "size": 807,
          "sha1": "e25fb883611d467ce7ad9c4dc2ea76c733b0b926"
        },
        {
          "path": "externals\/images\/admin\/links_getplugins.png",
          "dir": false,
          "file": true,
          "perms": "0777",
          "size": 899,
          "sha1": "4ae77bcc61142fb834fae41359943adb8249977e"
        },
        {
          "path": "externals\/images\/admin\/more_active.png",
          "dir": false,
          "file": true,
          "perms": "0777",
          "size": 220,
          "sha1": "91309445de8879bbb42b20f80d0f6a17111daad5"
        },
        {
          "path": "externals\/images\/admin\/newpage.png",
          "dir": false,
          "file": true,
          "perms": "0777",
          "size": 739,
          "sha1": "18a2b3df06820d185cfd259bd44561bd9b24d88c"
        },
        {
          "path": "externals\/images\/admin\/more.png",
          "dir": false,
          "file": true,
          "perms": "0777",
          "size": 250,
          "sha1": "e90346d849a29a3c679b6b3b01f406d6e88dd188"
        },
        {
          "path": "externals\/images\/admin\/links_abuse.png",
          "dir": false,
          "file": true,
          "perms": "0777",
          "size": 665,
          "sha1": "6299e5cefae503a3e2891843b2a8c6cce0e15351"
        },
        {
          "path": "externals\/images\/admin\/language_upload.png",
          "dir": false,
          "file": true,
          "perms": "0777",
          "size": 760,
          "sha1": "655528558ab969e3576e47010dcaba5d11b40ca9"
        },
        {
          "path": "externals\/images\/admin\/addphrase.png",
          "dir": false,
          "file": true,
          "perms": "0777",
          "size": 314,
          "sha1": "e252e6410fc74ffe9e04ab13f25f7f8f5d54c514"
        },
        {
          "path": "externals\/images\/admin\/links_members.png",
          "dir": false,
          "file": true,
          "perms": "0777",
          "size": 741,
          "sha1": "69e8e7677576ef6e15e15b9c0c34b95594f83cb6"
        },
        {
          "path": "externals\/images\/admin\/tip.png",
          "dir": false,
          "file": true,
          "perms": "0777",
          "size": 782,
          "sha1": "5a984aa9106746df874b6c25b911b1fd13c4f5bd"
        },
        {
          "path": "externals\/images\/admin\/back_rtl.png",
          "dir": false,
          "file": true,
          "perms": "0777",
          "size": 399,
          "sha1": "1154ab2737d31af7ae143abc5ade6cc64cffb054"
        },
        {
          "path": "externals\/images\/admin\/new_category.png",
          "dir": false,
          "file": true,
          "perms": "0777",
          "size": 714,
          "sha1": "a44f84fd9b6f83d3c37113b9c7082e6b92179c5d"
        },
        {
          "path": "externals\/images\/admin\/openpage.png",
          "dir": false,
          "file": true,
          "perms": "0777",
          "size": 688,
          "sha1": "ff4ee9bc4015603f6a3e1773b54dfef7b8dcc5df"
        },
        {
          "path": "externals\/images\/admin\/move_down.png",
          "dir": false,
          "file": true,
          "perms": "0777",
          "size": 455,
          "sha1": "09387501e9c6cff44041d28415d556a18d7cb305"
        },
        {
          "path": "externals\/images\/admin\/menus_deletemenu.png",
          "dir": false,
          "file": true,
          "perms": "0777",
          "size": 715,
          "sha1": "8f0ebcb45d7ba71a541d4781329f4a6900c7ee65"
        },
        {
          "path": "externals\/images\/admin\/viewmore.png",
          "dir": false,
          "file": true,
          "perms": "0777",
          "size": 426,
          "sha1": "bf3c7a50ffa57b3c3e06481f8061d1340662f2a8"
        },
        {
          "path": "externals\/images\/admin\/next.png",
          "dir": false,
          "file": true,
          "perms": "0777",
          "size": 349,
          "sha1": "5b1f5c30e8e59de2ad57e778cca06a07bf64b8d8"
        },
        {
          "path": "externals\/images\/admin\/ads_create.png",
          "dir": false,
          "file": true,
          "perms": "0777",
          "size": 615,
          "sha1": "bcde838293f8c682e71a72e37c2278642301aa4d"
        },
        {
          "path": "externals\/images\/admin\/referrers_clear.png",
          "dir": false,
          "file": true,
          "perms": "0777",
          "size": 655,
          "sha1": "a54e44499f7b408c6c58c209ed08fa14c07b2b7c"
        },
        {
          "path": "externals\/images\/admin\/links_plugins.png",
          "dir": false,
          "file": true,
          "perms": "0777",
          "size": 825,
          "sha1": "aaa59c699c7356f20eac1a921c6517cb3f06de54"
        },
        {
          "path": "externals\/images\/admin\/file_type_none.png",
          "dir": false,
          "file": true,
          "perms": "0777",
          "size": 294,
          "sha1": "d17b7c9738f6e92712f67ef934149d7be6dd5e2e"
        },
        {
          "path": "externals\/images\/admin\/file_upload.png",
          "dir": false,
          "file": true,
          "perms": "0777",
          "size": 688,
          "sha1": "ff4ee9bc4015603f6a3e1773b54dfef7b8dcc5df"
        },
        {
          "path": "externals\/images\/admin\/theme_revert.png",
          "dir": false,
          "file": true,
          "perms": "0777",
          "size": 868,
          "sha1": "27055d1ed80734afc87073bbc74fa8ad6ae35ba2"
        },
        {
          "path": "externals\/images\/admin\/previous_rtl.png",
          "dir": false,
          "file": true,
          "perms": "0777",
          "size": 399,
          "sha1": "1154ab2737d31af7ae143abc5ade6cc64cffb054"
        },
        {
          "path": "externals\/images\/admin\/links_theme.png",
          "dir": false,
          "file": true,
          "perms": "0777",
          "size": 748,
          "sha1": "d9dec4792c8dc69377606a87c6c03b5b92f694b2"
        },
        {
          "path": "externals\/images\/admin\/links_announcements.png",
          "dir": false,
          "file": true,
          "perms": "0777",
          "size": 731,
          "sha1": "50e74f00c60c5aadf4c7a50616f8b3dafd34635d"
        },
        {
          "path": "externals\/images\/admin\/theme_import.png",
          "dir": false,
          "file": true,
          "perms": "0777",
          "size": 811,
          "sha1": "4bd176353fc7a553b6a7c8f85030cc6243bd2573"
        },
        {
          "path": "externals\/css",
          "dir": true,
          "file": false,
          "perms": "0777",
          "size": 4096,
          "sha1": null
        },
        {
          "path": "externals\/css\/font-awesome.css",
          "dir": false,
          "file": true,
          "perms": "0777",
          "size": 23106,
          "sha1": "8c23d354138bc669b9dfddc5843c8ef3ac215e44"
        },
        {
          "path": "externals\/css\/font-awesome-ie7.css",
          "dir": false,
          "file": true,
          "perms": "0777",
          "size": 41311,
          "sha1": "2379a15344955bbee2115bbf5a3f7b5f0eb337ec"
        },
        {
          "path": "externals\/css\/jquery.jscrollpane.css",
          "dir": false,
          "file": true,
          "perms": "0777",
          "size": 1722,
          "sha1": "cb2cdaeb2a8568137ee81908973210d5725b63bc"
        },
        {
          "path": "externals\/css\/font-awesome.min.css",
          "dir": false,
          "file": true,
          "perms": "0777",
          "size": 23168,
          "sha1": "c4ce8f120a369e822268248134731d3602e09dfd"
        },
        {
          "path": "externals\/scripts",
          "dir": true,
          "file": false,
          "perms": "0777",
          "size": 4096,
          "sha1": null
        },
        {
          "path": "externals\/scripts\/test.js",
          "dir": false,
          "file": true,
          "perms": "0777",
          "size": 13,
          "sha1": "7c09d160bae51843039daa5a9ca95612cc35caa4"
        },
        {
          "path": "externals\/scripts\/core.js",
          "dir": false,
          "file": true,
          "perms": "0777",
          "size": 42833,
          "sha1": "55302e9fdef567a0c6c0a236130d858505c44f49"
        },
        {
          "path": "externals\/scripts\/imagezoom",
          "dir": true,
          "file": false,
          "perms": "0777",
          "size": 4096,
          "sha1": null
        },
        {
          "path": "externals\/scripts\/imagezoom\/core.js",
          "dir": false,
          "file": true,
          "perms": "0777",
          "size": 13706,
          "sha1": "7269e67d9578a60f2a0a823e29684c936b6c3243"
        },
        {
          "path": "externals\/scripts\/hestrap.js",
          "dir": false,
          "file": true,
          "perms": "0777",
          "size": 55258,
          "sha1": "fd607f85d598503b24d7799722db29fec4de1ef6"
        },
        {
          "path": "externals\/scripts\/hestrap",
          "dir": true,
          "file": false,
          "perms": "0777",
          "size": 4096,
          "sha1": null
        },
        {
          "path": "externals\/scripts\/hestrap\/Hestrap.js",
          "dir": false,
          "file": true,
          "perms": "0777",
          "size": 444,
          "sha1": "9c98bdeaa1c838ea640eb9cb5b0ab0d17af392fa"
        },
        {
          "path": "externals\/scripts\/hestrap\/Hestrap.Affix.js",
          "dir": false,
          "file": true,
          "perms": "0777",
          "size": 4889,
          "sha1": "e645fb636347c6f91f4e4fe9a70be15f32ecb10d"
        },
        {
          "path": "externals\/scripts\/hestrap\/Hestrap.Tab.js",
          "dir": false,
          "file": true,
          "perms": "0777",
          "size": 1542,
          "sha1": "dd28784ef0414dc237826587bf4b00055e610ab9"
        },
        {
          "path": "externals\/scripts\/hestrap\/CSSEvents.js",
          "dir": false,
          "file": true,
          "perms": "0777",
          "size": 876,
          "sha1": "f3fafe8538227ea256c346dfd1702af0c6cd7d03"
        },
        {
          "path": "externals\/scripts\/hestrap\/Hestrap.Tooltip.js",
          "dir": false,
          "file": true,
          "perms": "0777",
          "size": 4975,
          "sha1": "32e36a11cd2ec1818fcbf5d2aa7e4a17edd7a3de"
        },
        {
          "path": "externals\/scripts\/hestrap\/Hestrap.Popover.js",
          "dir": false,
          "file": true,
          "perms": "0777",
          "size": 1674,
          "sha1": "f76885e653439958f14f22674f2d65782e5d7eac"
        },
        {
          "path": "externals\/scripts\/hestrap\/Hestrap.Popup.js",
          "dir": false,
          "file": true,
          "perms": "0777",
          "size": 5187,
          "sha1": "372bfc3c75f0d5db2eca18032e387dfeab409ab3"
        },
        {
          "path": "externals\/scripts\/hestrap\/Hestrap.Dropdown.js",
          "dir": false,
          "file": true,
          "perms": "0777",
          "size": 1768,
          "sha1": "8f4a2b2bf97b4e7280cc9276d53a010095579718"
        },
        {
          "path": "externals\/scripts\/featured_carousel.js",
          "dir": false,
          "file": true,
          "perms": "0777",
          "size": 4094,
          "sha1": "3f9a359c298077442e04cb6d31fbd14225d568f7"
        },
        {
          "path": "Api",
          "dir": true,
          "file": false,
          "perms": "0777",
          "size": 4096,
          "sha1": null
        },
        {
          "path": "Api\/Core.php",
          "dir": false,
          "file": true,
          "perms": "0777",
          "size": 11106,
          "sha1": "83db4b6a41461d8a2fa37b7bcf3184b3b824a03d"
        },
        {
          "path": "Form",
          "dir": true,
          "file": false,
          "perms": "0777",
          "size": 4096,
          "sha1": null
        },
        {
          "path": "Form\/Admin",
          "dir": true,
          "file": false,
          "perms": "0777",
          "size": 4096,
          "sha1": null
        },
        {
          "path": "Form\/Admin\/Settings",
          "dir": true,
          "file": false,
          "perms": "0777",
          "size": 4096,
          "sha1": null
        },
        {
          "path": "Form\/Admin\/Settings\/FaceDetectionApi.php",
          "dir": false,
          "file": true,
          "perms": "0777",
          "size": 1209,
          "sha1": "20f0bdfc2e9237dd5cf32c9e59e00beb9ca91ad7"
        },
        {
          "path": "Form\/Admin\/Global.php",
          "dir": false,
          "file": true,
          "perms": "0777",
          "size": 1882,
          "sha1": "8ba75e7f205134d2f4b4f69b5823a95d71f1b0a7"
        },
        {
          "path": "Form\/Admin\/Featureds",
          "dir": true,
          "file": false,
          "perms": "0777",
          "size": 4096,
          "sha1": null
        },
        {
          "path": "Form\/Admin\/Featureds\/Filter.php",
          "dir": false,
          "file": true,
          "perms": "0777",
          "size": 3178,
          "sha1": "1f6d154f3fbf5d5fead3cf5a3d34dd4a770376c8"
        },
        {
          "path": "Form\/License.php",
          "dir": false,
          "file": true,
          "perms": "0777",
          "size": 1915,
          "sha1": "0ff061c80474a6ab7f26361a209eb737de0747d5"
        }
      ]
    },
    "application\/languages\/en\/hecore.csv": {
      "type": "file",
      "path": "application\/languages\/en\/hecore.csv",
      "structure": {
        "path": "hecore.csv",
        "dir": false,
        "file": true,
        "perms": "0777",
        "size": 6138,
        "sha1": "fb802ec96e11a22fea9a732bdd63122d2cafe623"
      }
    }
  }
}