{
  "type": "module",
  "name": "sescustomize",
  "version": "4.9.3",
  "revision": null,
  "path": "application\/modules\/Sescustomize",
  "repository": null,
  "date": "Wed, 02 Aug 2017 06:41:59 +0000",
  "title": "Sescustomize",
  "description": "",
  "thumb": null,
  "developer": null,
  "authors": [
    "<a href=\"http:\/\/www.socialenginesolutions.com\" style=\"text-decoration:underline;\" target=\"_blank\">SocialEngineSolutions<\/a>"
  ],
  "meta": {
    "date": "Wed, 02 Aug 2017 06:41:59 +0000",
    "title": "Sescustomize",
    "description": "",
    "developer": null,
    "authors": [
      "<a href=\"http:\/\/www.socialenginesolutions.com\" style=\"text-decoration:underline;\" target=\"_blank\">SocialEngineSolutions<\/a>"
    ],
    "changeLog": null
  },
  "actions": [
    "install",
    "upgrade",
    "refresh",
    "enable",
    "disable"
  ],
  "callback": {
    "path": "application\/modules\/Sescustomize\/settings\/install.php",
    "class": "Sescustomize_Installer",
    "priority": 100
  },
  "dependencies": null,
  "tests": [
    
  ],
  "permissions": [
    
  ],
  "structure": {
    "application\/modules\/Sescustomize": {
      "type": "directory",
      "path": "application\/modules\/Sescustomize",
      "structure": [
        {
          "path": "Bootstrap.php",
          "dir": false,
          "file": true,
          "perms": "0666",
          "size": 91,
          "sha1": "dba9219063a4fe3e9eb5586dcd14529f7dae67aa"
        },
        {
          "path": "controllers",
          "dir": true,
          "file": false,
          "perms": "0777",
          "size": 0,
          "sha1": null
        },
        {
          "path": "controllers\/IndexController.php",
          "dir": false,
          "file": true,
          "perms": "0666",
          "size": 173,
          "sha1": "6ed771185242a2a7c031b988579857850074a3ff"
        },
        {
          "path": "externals",
          "dir": true,
          "file": false,
          "perms": "0777",
          "size": 0,
          "sha1": null
        },
        {
          "path": "externals\/.htaccess",
          "dir": false,
          "file": true,
          "perms": "0666",
          "size": 147,
          "sha1": "9f1638a8edbe1c5d28789e017fb35b2f2465f01e"
        },
        {
          "path": "externals\/images",
          "dir": true,
          "file": false,
          "perms": "0777",
          "size": 0,
          "sha1": null
        },
        {
          "path": "externals\/images\/.htempty",
          "dir": false,
          "file": true,
          "perms": "0666",
          "size": 0,
          "sha1": "da39a3ee5e6b4b0d3255bfef95601890afd80709"
        },
        {
          "path": "externals\/scripts",
          "dir": true,
          "file": false,
          "perms": "0777",
          "size": 0,
          "sha1": null
        },
        {
          "path": "externals\/scripts\/.htempty",
          "dir": false,
          "file": true,
          "perms": "0666",
          "size": 0,
          "sha1": "da39a3ee5e6b4b0d3255bfef95601890afd80709"
        },
        {
          "path": "externals\/styles",
          "dir": true,
          "file": false,
          "perms": "0777",
          "size": 0,
          "sha1": null
        },
        {
          "path": "externals\/styles\/main.css",
          "dir": false,
          "file": true,
          "perms": "0666",
          "size": 0,
          "sha1": "da39a3ee5e6b4b0d3255bfef95601890afd80709"
        },
        {
          "path": "Form",
          "dir": true,
          "file": false,
          "perms": "0777",
          "size": 0,
          "sha1": null
        },
        {
          "path": "Form\/.htempty",
          "dir": false,
          "file": true,
          "perms": "0666",
          "size": 0,
          "sha1": "da39a3ee5e6b4b0d3255bfef95601890afd80709"
        },
        {
          "path": "Model",
          "dir": true,
          "file": false,
          "perms": "0777",
          "size": 0,
          "sha1": null
        },
        {
          "path": "Model\/DbTable",
          "dir": true,
          "file": false,
          "perms": "0777",
          "size": 0,
          "sha1": null
        },
        {
          "path": "Model\/DbTable\/.htempty",
          "dir": false,
          "file": true,
          "perms": "0666",
          "size": 0,
          "sha1": "da39a3ee5e6b4b0d3255bfef95601890afd80709"
        },
        {
          "path": "settings",
          "dir": true,
          "file": false,
          "perms": "0777",
          "size": 0,
          "sha1": null
        },
        {
          "path": "settings\/manifest.php",
          "dir": false,
          "file": true,
          "perms": "0666",
          "size": 749,
          "sha1": "643e4c0fa7b8556676da9c5d5e32adf6737bbe3b"
        },
        {
          "path": "settings\/my.sql",
          "dir": false,
          "file": true,
          "perms": "0666",
          "size": 172,
          "sha1": "c40dca97215804cb46246810abd1d5766aed4a98"
        },
        {
          "path": "views",
          "dir": true,
          "file": false,
          "perms": "0777",
          "size": 0,
          "sha1": null
        },
        {
          "path": "views\/scripts",
          "dir": true,
          "file": false,
          "perms": "0777",
          "size": 0,
          "sha1": null
        },
        {
          "path": "views\/scripts\/index",
          "dir": true,
          "file": false,
          "perms": "0777",
          "size": 0,
          "sha1": null
        },
        {
          "path": "views\/scripts\/index\/index.tpl",
          "dir": false,
          "file": true,
          "perms": "0666",
          "size": 85,
          "sha1": "ae2efa2049d2f93aad94fc46b8da494dfda5b08f"
        }
      ]
    }
  }
}