{
  "type": "theme",
  "name": "digita",
  "version": "4.9.1",
  "revision": "10267",
  "path": "application\/themes\/digita",
  "repository": null,
  "date": "Wed, 26 Apr 2017 15:50:15 +0000",
  "title": "Digita",
  "description": null,
  "thumb": "digita.jpg",
  "developer": null,
  "authors": [
    "Webligo Developments"
  ],
  "meta": {
    "date": "Wed, 26 Apr 2017 15:50:15 +0000",
    "title": "Digita",
    "description": null,
    "developer": null,
    "authors": [
      "Webligo Developments"
    ],
    "changeLog": null
  },
  "actions": [
    "install",
    "upgrade",
    "refresh",
    "remove"
  ],
  "callback": {
    "path": null,
    "class": "Engine_Package_Installer_Theme",
    "priority": 100
  },
  "dependencies": null,
  "tests": [
    
  ],
  "permissions": [
    
  ],
  "structure": {
    "application\/themes\/digita": {
      "type": "directory",
      "path": "application\/themes\/digita",
      "structure": [
        {
          "path": "mobile.css",
          "dir": false,
          "file": true,
          "perms": "0644",
          "size": 19514,
          "sha1": "9dfec0eeeb13f4b5bb55bdc8a8f5b00305bc1055"
        },
        {
          "path": "digita.jpg",
          "dir": false,
          "file": true,
          "perms": "0644",
          "size": 6174,
          "sha1": "c3bae724c7e1af87b7dcd5e93370cfd5c1983949"
        },
        {
          "path": "constants.css",
          "dir": false,
          "file": true,
          "perms": "0644",
          "size": 7573,
          "sha1": "6f3e49507c5185c5e4ea5c9857db70d81224eb08"
        },
        {
          "path": "manifest.php",
          "dir": false,
          "file": true,
          "perms": "0644",
          "size": 954,
          "sha1": "2d39326601e3ec340afffc99d26957708c06ad75"
        },
        {
          "path": "theme.css",
          "dir": false,
          "file": true,
          "perms": "0644",
          "size": 34420,
          "sha1": "9da3d2c2d2bdf2cbf505cd8155065e9b114d4b16"
        },
        {
          "path": "images",
          "dir": true,
          "file": false,
          "perms": "0755",
          "size": 4096,
          "sha1": null
        },
        {
          "path": "images\/d_bg2.jpg",
          "dir": false,
          "file": true,
          "perms": "0644",
          "size": 11611,
          "sha1": "72bdd991b6120ffd6fb3f22ff5869f95ebad3c2c"
        },
        {
          "path": "images\/d_header_bg.jpg",
          "dir": false,
          "file": true,
          "perms": "0644",
          "size": 5584,
          "sha1": "f8ac4fbd5d0cc6f59974b81ba09d5c744d6358b1"
        },
        {
          "path": "images\/d_button_bg.jpg",
          "dir": false,
          "file": true,
          "perms": "0644",
          "size": 302,
          "sha1": "91544f123088b68e615b3580bfcc930880f50095"
        },
        {
          "path": "images\/d_tab_divider.jpg",
          "dir": false,
          "file": true,
          "perms": "0644",
          "size": 752,
          "sha1": "e55aa27f8b289704ce9056edf21859de2b8b1f73"
        },
        {
          "path": "images\/d_tab_divider2.jpg",
          "dir": false,
          "file": true,
          "perms": "0644",
          "size": 716,
          "sha1": "6a19b5fe3fb34da100fbd99127a077ffa6b9baed"
        },
        {
          "path": "images\/d_header_divider.jpg",
          "dir": false,
          "file": true,
          "perms": "0644",
          "size": 1994,
          "sha1": "607bb4b2fb75a6e4416da40efe3e656e1c112bf0"
        },
        {
          "path": "images\/d_bg.jpg",
          "dir": false,
          "file": true,
          "perms": "0644",
          "size": 10679,
          "sha1": "af74b6a332ceb9dc81ab45e96eb72a3be2c3233f"
        },
        {
          "path": "images\/d_quicklink_bg.jpg",
          "dir": false,
          "file": true,
          "perms": "0644",
          "size": 318,
          "sha1": "b5c3b3c41f274308bab8a7048682b0b2c9b6d92b"
        },
        {
          "path": "images\/d_middle_bg.jpg",
          "dir": false,
          "file": true,
          "perms": "0644",
          "size": 354,
          "sha1": "cfe21d85d4a0edbeb67e063fedd74edc5030371d"
        }
      ]
    }
  }
}