{
  "type": "theme",
  "name": "default",
  "version": "4.9.1",
  "revision": "10267",
  "path": "application\/themes\/default",
  "repository": null,
  "date": "Wed, 26 Apr 2017 15:50:15 +0000",
  "title": "Default",
  "description": null,
  "thumb": "default_theme.jpg",
  "developer": null,
  "authors": [
    "Webligo Developments"
  ],
  "meta": {
    "date": "Wed, 26 Apr 2017 15:50:15 +0000",
    "title": "Default",
    "description": null,
    "developer": null,
    "authors": [
      "Webligo Developments"
    ],
    "changeLog": null
  },
  "actions": [
    "install",
    "upgrade",
    "refresh",
    "remove"
  ],
  "callback": {
    "path": null,
    "class": "Engine_Package_Installer_Theme",
    "priority": 100
  },
  "dependencies": null,
  "tests": [
    
  ],
  "permissions": [
    
  ],
  "structure": {
    "application\/themes\/default": {
      "type": "directory",
      "path": "application\/themes\/default",
      "structure": [
        {
          "path": "mobile.css",
          "dir": false,
          "file": true,
          "perms": "0644",
          "size": 19035,
          "sha1": "2ab7396ba87d358e134cd8b31d9202d6d10e78e6"
        },
        {
          "path": "constants.css",
          "dir": false,
          "file": true,
          "perms": "0644",
          "size": 7780,
          "sha1": "675832043cf877b6b668fa2b36c34f4c865ae590"
        },
        {
          "path": "manifest.php",
          "dir": false,
          "file": true,
          "perms": "0644",
          "size": 964,
          "sha1": "df644dd380749a4a679c94e2f8c307cd70edab66"
        },
        {
          "path": "theme.css",
          "dir": false,
          "file": true,
          "perms": "0644",
          "size": 32507,
          "sha1": "37c8c3f1a4e3a4135abc60678c6ea755201a9666"
        },
        {
          "path": "default_theme.jpg",
          "dir": false,
          "file": true,
          "perms": "0644",
          "size": 6099,
          "sha1": "c856fdd2883d36da80815b29ded822a70d2a3ee8"
        },
        {
          "path": "images",
          "dir": true,
          "file": false,
          "perms": "0755",
          "size": 4096,
          "sha1": null
        },
        {
          "path": "images\/topbar_menu_bg.png",
          "dir": false,
          "file": true,
          "perms": "0644",
          "size": 170,
          "sha1": "565dda63d0039d02852e14ef58766797f25ee2f7"
        },
        {
          "path": "images\/topbar_bg.png",
          "dir": false,
          "file": true,
          "perms": "0644",
          "size": 13285,
          "sha1": "189deb8f84195b62aa20afb1c9433503cf44534f"
        },
        {
          "path": "images\/buttonbg.png",
          "dir": false,
          "file": true,
          "perms": "0644",
          "size": 152,
          "sha1": "fdfd1cccea6009e9311c4695d5fadf34871c8f18"
        }
      ]
    }
  }
}