{
  "type": "theme",
  "name": "quantum-blue",
  "version": "4.9.1",
  "revision": "10113",
  "path": "application\/themes\/quantum-blue",
  "repository": null,
  "date": "Wed, 26 Apr 2017 15:50:15 +0000",
  "title": "Quantum Blue",
  "description": null,
  "thumb": "quantum_theme.png",
  "developer": null,
  "authors": [
    "Webligo Developments"
  ],
  "meta": {
    "date": "Wed, 26 Apr 2017 15:50:15 +0000",
    "title": "Quantum Blue",
    "description": null,
    "developer": null,
    "authors": [
      "Webligo Developments"
    ],
    "changeLog": null
  },
  "actions": [
    "install",
    "upgrade",
    "refresh",
    "remove"
  ],
  "callback": {
    "path": null,
    "class": "Engine_Package_Installer_Theme",
    "priority": 100
  },
  "dependencies": null,
  "tests": [
    
  ],
  "permissions": [
    
  ],
  "structure": {
    "application\/themes\/quantum-blue": {
      "type": "directory",
      "path": "application\/themes\/quantum-blue",
      "structure": [
        {
          "path": "mobile.css",
          "dir": false,
          "file": true,
          "perms": "0644",
          "size": 21200,
          "sha1": "29c8380e5eb25e7cc0ae752fffd9d8ebd4fe4964"
        },
        {
          "path": "quantum_theme.png",
          "dir": false,
          "file": true,
          "perms": "0644",
          "size": 19483,
          "sha1": "bfb24549864614ec97eee09e13693b0ea9ae854f"
        },
        {
          "path": "constants.css",
          "dir": false,
          "file": true,
          "perms": "0644",
          "size": 8752,
          "sha1": "86e7a2ae5c3008376c0178601379f9e0f036d58d"
        },
        {
          "path": "manifest.php",
          "dir": false,
          "file": true,
          "perms": "0644",
          "size": 1531,
          "sha1": "81cb2c3bee6489a98597629685aff5e3e0b057ba"
        },
        {
          "path": "theme.css",
          "dir": false,
          "file": true,
          "perms": "0644",
          "size": 39363,
          "sha1": "4387f7320aff38782e97b8203934fa1ec0fead76"
        },
        {
          "path": "color-variants",
          "dir": true,
          "file": false,
          "perms": "0755",
          "size": 4096,
          "sha1": null
        },
        {
          "path": "color-variants\/quantum-orange",
          "dir": true,
          "file": false,
          "perms": "0755",
          "size": 4096,
          "sha1": null
        },
        {
          "path": "color-variants\/quantum-orange\/quantum_theme.png",
          "dir": false,
          "file": true,
          "perms": "0644",
          "size": 19565,
          "sha1": "e90e25636b4e4a13ea8c2bd9628535abcd5ccf5e"
        },
        {
          "path": "color-variants\/quantum-orange\/constants.css",
          "dir": false,
          "file": true,
          "perms": "0644",
          "size": 8757,
          "sha1": "314a2fe52a060ea5063fd2492b63e7b23add0032"
        },
        {
          "path": "color-variants\/quantum-orange\/images",
          "dir": true,
          "file": false,
          "perms": "0755",
          "size": 4096,
          "sha1": null
        },
        {
          "path": "color-variants\/quantum-orange\/images\/button.png",
          "dir": false,
          "file": true,
          "perms": "0644",
          "size": 149,
          "sha1": "9bea0855e0e90e8dae9c54fdfcd57606097c0285"
        },
        {
          "path": "color-variants\/quantum-orange\/images\/button_hover.png",
          "dir": false,
          "file": true,
          "perms": "0644",
          "size": 119,
          "sha1": "59aaf2cf9123832d0d53299e57ea3d9bc34deedd"
        },
        {
          "path": "color-variants\/quantum-orange\/images\/comment_first_bg.png",
          "dir": false,
          "file": true,
          "perms": "0644",
          "size": 1241,
          "sha1": "69787f258f86c83079651cd6b4253c766fbd11ec"
        },
        {
          "path": "color-variants\/quantum-orange\/images\/header_bg.png",
          "dir": false,
          "file": true,
          "perms": "0644",
          "size": 22905,
          "sha1": "f7489022b045d3e9d271374290f133a705de406e"
        },
        {
          "path": "color-variants\/quantum-orange\/images\/transparent_bg.png",
          "dir": false,
          "file": true,
          "perms": "0644",
          "size": 105,
          "sha1": "8f45d64dae27f1253f1ff5ddb44b5cdec8351209"
        },
        {
          "path": "color-variants\/quantum-orange\/images\/widget_header_bg.png",
          "dir": false,
          "file": true,
          "perms": "0644",
          "size": 151,
          "sha1": "65f0e83f3aa6e54051128be7c6c21e056092e779"
        },
        {
          "path": "color-variants\/quantum-orange\/images\/mini_menu_bg.png",
          "dir": false,
          "file": true,
          "perms": "0644",
          "size": 14553,
          "sha1": "f8085b42d5de96ab40e3d77f785803f309259d0a"
        },
        {
          "path": "color-variants\/quantum-orange\/images\/wrapper_bg.png",
          "dir": false,
          "file": true,
          "perms": "0644",
          "size": 154,
          "sha1": "2e1daf0284a71d59af9aec5e4f404ad5905787c3"
        },
        {
          "path": "color-variants\/quantum-orange\/images\/foreground.png",
          "dir": false,
          "file": true,
          "perms": "0644",
          "size": 130,
          "sha1": "fe58807f59065de0ba80b595cacfbe999fc34443"
        },
        {
          "path": "color-variants\/quantum-orange\/images\/main_menu_bg.png",
          "dir": false,
          "file": true,
          "perms": "0644",
          "size": 159,
          "sha1": "4b0987c0f5350c4955e35c7243042d248a59236a"
        },
        {
          "path": "color-variants\/quantum-pink",
          "dir": true,
          "file": false,
          "perms": "0755",
          "size": 4096,
          "sha1": null
        },
        {
          "path": "color-variants\/quantum-pink\/quantum_theme.png",
          "dir": false,
          "file": true,
          "perms": "0644",
          "size": 19688,
          "sha1": "59f61938aa9893e80d5c2d7db3e4a8652949d07b"
        },
        {
          "path": "color-variants\/quantum-pink\/constants.css",
          "dir": false,
          "file": true,
          "perms": "0644",
          "size": 8754,
          "sha1": "ce6469007a65c385e706a54f12973117bd2510fd"
        },
        {
          "path": "color-variants\/quantum-pink\/images",
          "dir": true,
          "file": false,
          "perms": "0755",
          "size": 4096,
          "sha1": null
        },
        {
          "path": "color-variants\/quantum-pink\/images\/button.png",
          "dir": false,
          "file": true,
          "perms": "0644",
          "size": 154,
          "sha1": "ab3caea09ebeb28999fbe6da55607b8429d88d53"
        },
        {
          "path": "color-variants\/quantum-pink\/images\/button_hover.png",
          "dir": false,
          "file": true,
          "perms": "0644",
          "size": 119,
          "sha1": "5125d7e570193ac3bc344742199d75fe5137fcb4"
        },
        {
          "path": "color-variants\/quantum-pink\/images\/comment_first_bg.png",
          "dir": false,
          "file": true,
          "perms": "0644",
          "size": 1241,
          "sha1": "69787f258f86c83079651cd6b4253c766fbd11ec"
        },
        {
          "path": "color-variants\/quantum-pink\/images\/header_bg.png",
          "dir": false,
          "file": true,
          "perms": "0644",
          "size": 22905,
          "sha1": "f7489022b045d3e9d271374290f133a705de406e"
        },
        {
          "path": "color-variants\/quantum-pink\/images\/transparent_bg.png",
          "dir": false,
          "file": true,
          "perms": "0644",
          "size": 105,
          "sha1": "8f45d64dae27f1253f1ff5ddb44b5cdec8351209"
        },
        {
          "path": "color-variants\/quantum-pink\/images\/widget_header_bg.png",
          "dir": false,
          "file": true,
          "perms": "0644",
          "size": 153,
          "sha1": "176618ef433d08679b351014c2d747c35fde454b"
        },
        {
          "path": "color-variants\/quantum-pink\/images\/mini_menu_bg.png",
          "dir": false,
          "file": true,
          "perms": "0644",
          "size": 14553,
          "sha1": "f30cc3efc5e48b8ff352ad0044c10a13a009aab6"
        },
        {
          "path": "color-variants\/quantum-pink\/images\/wrapper_bg.png",
          "dir": false,
          "file": true,
          "perms": "0644",
          "size": 154,
          "sha1": "2e1daf0284a71d59af9aec5e4f404ad5905787c3"
        },
        {
          "path": "color-variants\/quantum-pink\/images\/foreground.png",
          "dir": false,
          "file": true,
          "perms": "0644",
          "size": 130,
          "sha1": "fe58807f59065de0ba80b595cacfbe999fc34443"
        },
        {
          "path": "color-variants\/quantum-pink\/images\/main_menu_bg.png",
          "dir": false,
          "file": true,
          "perms": "0644",
          "size": 158,
          "sha1": "71cf7f91d1fe1f943d79527826067ac5f46aa273"
        },
        {
          "path": "color-variants\/quantum-red",
          "dir": true,
          "file": false,
          "perms": "0755",
          "size": 4096,
          "sha1": null
        },
        {
          "path": "color-variants\/quantum-red\/quantum_theme.png",
          "dir": false,
          "file": true,
          "perms": "0644",
          "size": 19341,
          "sha1": "11113f8a0e5c0302c285b22eef71fb8ab0037a3a"
        },
        {
          "path": "color-variants\/quantum-red\/constants.css",
          "dir": false,
          "file": true,
          "perms": "0644",
          "size": 8753,
          "sha1": "56e5b3491e2830d3f4e74f8b089885a1830fb52e"
        },
        {
          "path": "color-variants\/quantum-red\/images",
          "dir": true,
          "file": false,
          "perms": "0755",
          "size": 4096,
          "sha1": null
        },
        {
          "path": "color-variants\/quantum-red\/images\/button.png",
          "dir": false,
          "file": true,
          "perms": "0644",
          "size": 137,
          "sha1": "5547cc26628d7ec3ede585c7445a167a82b19377"
        },
        {
          "path": "color-variants\/quantum-red\/images\/button_hover.png",
          "dir": false,
          "file": true,
          "perms": "0644",
          "size": 118,
          "sha1": "e7476d436fe370a40e7f41972d02fd8332a38850"
        },
        {
          "path": "color-variants\/quantum-red\/images\/comment_first_bg.png",
          "dir": false,
          "file": true,
          "perms": "0644",
          "size": 1241,
          "sha1": "69787f258f86c83079651cd6b4253c766fbd11ec"
        },
        {
          "path": "color-variants\/quantum-red\/images\/header_bg.png",
          "dir": false,
          "file": true,
          "perms": "0644",
          "size": 22905,
          "sha1": "f7489022b045d3e9d271374290f133a705de406e"
        },
        {
          "path": "color-variants\/quantum-red\/images\/transparent_bg.png",
          "dir": false,
          "file": true,
          "perms": "0644",
          "size": 105,
          "sha1": "8f45d64dae27f1253f1ff5ddb44b5cdec8351209"
        },
        {
          "path": "color-variants\/quantum-red\/images\/widget_header_bg.png",
          "dir": false,
          "file": true,
          "perms": "0644",
          "size": 144,
          "sha1": "ac3d5d85b02f3024724efd25ebaeede7d38f8c2d"
        },
        {
          "path": "color-variants\/quantum-red\/images\/mini_menu_bg.png",
          "dir": false,
          "file": true,
          "perms": "0644",
          "size": 14553,
          "sha1": "81d1684fd75ab3c53bbe18740fbb32baffa4786b"
        },
        {
          "path": "color-variants\/quantum-red\/images\/wrapper_bg.png",
          "dir": false,
          "file": true,
          "perms": "0644",
          "size": 154,
          "sha1": "2e1daf0284a71d59af9aec5e4f404ad5905787c3"
        },
        {
          "path": "color-variants\/quantum-red\/images\/foreground.png",
          "dir": false,
          "file": true,
          "perms": "0644",
          "size": 130,
          "sha1": "fe58807f59065de0ba80b595cacfbe999fc34443"
        },
        {
          "path": "color-variants\/quantum-red\/images\/main_menu_bg.png",
          "dir": false,
          "file": true,
          "perms": "0644",
          "size": 141,
          "sha1": "5398b842827a6bf19fd052ad139e44a39e3fd4ca"
        },
        {
          "path": "color-variants\/quantum-purple",
          "dir": true,
          "file": false,
          "perms": "0755",
          "size": 4096,
          "sha1": null
        },
        {
          "path": "color-variants\/quantum-purple\/quantum_theme.png",
          "dir": false,
          "file": true,
          "perms": "0644",
          "size": 21303,
          "sha1": "393a286678fb967fb683c6ee6298e48a9614cbff"
        },
        {
          "path": "color-variants\/quantum-purple\/constants.css",
          "dir": false,
          "file": true,
          "perms": "0644",
          "size": 8756,
          "sha1": "740a46599dfa970af3edbfdd16a3c4e7ea1c0fc4"
        },
        {
          "path": "color-variants\/quantum-purple\/images",
          "dir": true,
          "file": false,
          "perms": "0755",
          "size": 4096,
          "sha1": null
        },
        {
          "path": "color-variants\/quantum-purple\/images\/button.png",
          "dir": false,
          "file": true,
          "perms": "0644",
          "size": 145,
          "sha1": "ae88b37d8290f2f3784d6c7843daec39ea5d7501"
        },
        {
          "path": "color-variants\/quantum-purple\/images\/button_hover.png",
          "dir": false,
          "file": true,
          "perms": "0644",
          "size": 119,
          "sha1": "d09a6c8d1af64e04dc17b6bfb651143fe0475f47"
        },
        {
          "path": "color-variants\/quantum-purple\/images\/comment_first_bg.png",
          "dir": false,
          "file": true,
          "perms": "0644",
          "size": 1241,
          "sha1": "69787f258f86c83079651cd6b4253c766fbd11ec"
        },
        {
          "path": "color-variants\/quantum-purple\/images\/header_bg.png",
          "dir": false,
          "file": true,
          "perms": "0644",
          "size": 22905,
          "sha1": "f7489022b045d3e9d271374290f133a705de406e"
        },
        {
          "path": "color-variants\/quantum-purple\/images\/transparent_bg.png",
          "dir": false,
          "file": true,
          "perms": "0644",
          "size": 105,
          "sha1": "8f45d64dae27f1253f1ff5ddb44b5cdec8351209"
        },
        {
          "path": "color-variants\/quantum-purple\/images\/widget_header_bg.png",
          "dir": false,
          "file": true,
          "perms": "0644",
          "size": 152,
          "sha1": "a2c2423376458ae37ec1599f5c05755c4d0ccf9e"
        },
        {
          "path": "color-variants\/quantum-purple\/images\/mini_menu_bg.png",
          "dir": false,
          "file": true,
          "perms": "0644",
          "size": 14553,
          "sha1": "9b102b933575405cfd12d3e8d25547db05e8b1d9"
        },
        {
          "path": "color-variants\/quantum-purple\/images\/wrapper_bg.png",
          "dir": false,
          "file": true,
          "perms": "0644",
          "size": 154,
          "sha1": "2e1daf0284a71d59af9aec5e4f404ad5905787c3"
        },
        {
          "path": "color-variants\/quantum-purple\/images\/foreground.png",
          "dir": false,
          "file": true,
          "perms": "0644",
          "size": 130,
          "sha1": "fe58807f59065de0ba80b595cacfbe999fc34443"
        },
        {
          "path": "color-variants\/quantum-purple\/images\/main_menu_bg.png",
          "dir": false,
          "file": true,
          "perms": "0644",
          "size": 158,
          "sha1": "2ed16bea968787a4477f851cc9d8088ae5dd0ec0"
        },
        {
          "path": "color-variants\/quantum-green",
          "dir": true,
          "file": false,
          "perms": "0755",
          "size": 4096,
          "sha1": null
        },
        {
          "path": "color-variants\/quantum-green\/quantum_theme.png",
          "dir": false,
          "file": true,
          "perms": "0644",
          "size": 19613,
          "sha1": "4f72911e9b95faa5961ec7256f67880f82ba198d"
        },
        {
          "path": "color-variants\/quantum-green\/constants.css",
          "dir": false,
          "file": true,
          "perms": "0644",
          "size": 8759,
          "sha1": "079630e3503b4fcd981460831c92201f1031e263"
        },
        {
          "path": "color-variants\/quantum-green\/images",
          "dir": true,
          "file": false,
          "perms": "0755",
          "size": 4096,
          "sha1": null
        },
        {
          "path": "color-variants\/quantum-green\/images\/button.png",
          "dir": false,
          "file": true,
          "perms": "0644",
          "size": 147,
          "sha1": "6ea1c9c9cc1fffbeaae0e949ce32c4c404767d66"
        },
        {
          "path": "color-variants\/quantum-green\/images\/button_hover.png",
          "dir": false,
          "file": true,
          "perms": "0644",
          "size": 118,
          "sha1": "92cd83993a994efa639bc3c2f3296177aacaf267"
        },
        {
          "path": "color-variants\/quantum-green\/images\/comment_first_bg.png",
          "dir": false,
          "file": true,
          "perms": "0644",
          "size": 1241,
          "sha1": "69787f258f86c83079651cd6b4253c766fbd11ec"
        },
        {
          "path": "color-variants\/quantum-green\/images\/header_bg.png",
          "dir": false,
          "file": true,
          "perms": "0644",
          "size": 22905,
          "sha1": "f7489022b045d3e9d271374290f133a705de406e"
        },
        {
          "path": "color-variants\/quantum-green\/images\/transparent_bg.png",
          "dir": false,
          "file": true,
          "perms": "0644",
          "size": 105,
          "sha1": "8f45d64dae27f1253f1ff5ddb44b5cdec8351209"
        },
        {
          "path": "color-variants\/quantum-green\/images\/widget_header_bg.png",
          "dir": false,
          "file": true,
          "perms": "0644",
          "size": 150,
          "sha1": "ab1b35464a39b960ba965c0bc1a4e48e9623ca8a"
        },
        {
          "path": "color-variants\/quantum-green\/images\/mini_menu_bg.png",
          "dir": false,
          "file": true,
          "perms": "0644",
          "size": 14553,
          "sha1": "7a274f2f793be06b45bcbc47a09074863d22f9d0"
        },
        {
          "path": "color-variants\/quantum-green\/images\/wrapper_bg.png",
          "dir": false,
          "file": true,
          "perms": "0644",
          "size": 154,
          "sha1": "2e1daf0284a71d59af9aec5e4f404ad5905787c3"
        },
        {
          "path": "color-variants\/quantum-green\/images\/foreground.png",
          "dir": false,
          "file": true,
          "perms": "0644",
          "size": 130,
          "sha1": "fe58807f59065de0ba80b595cacfbe999fc34443"
        },
        {
          "path": "color-variants\/quantum-green\/images\/main_menu_bg.png",
          "dir": false,
          "file": true,
          "perms": "0644",
          "size": 150,
          "sha1": "c22da4d041efd35e43089fdb00b54fd1c5940eab"
        },
        {
          "path": "color-variants\/quantum-gray",
          "dir": true,
          "file": false,
          "perms": "0755",
          "size": 4096,
          "sha1": null
        },
        {
          "path": "color-variants\/quantum-gray\/quantum_theme.png",
          "dir": false,
          "file": true,
          "perms": "0644",
          "size": 18769,
          "sha1": "ddafc8b5c9a9639d9f82b7ee78fe441f1edc484e"
        },
        {
          "path": "color-variants\/quantum-gray\/constants.css",
          "dir": false,
          "file": true,
          "perms": "0644",
          "size": 8747,
          "sha1": "83ec3e04f626e8ca7736e0cf956dab661b80e896"
        },
        {
          "path": "color-variants\/quantum-gray\/images",
          "dir": true,
          "file": false,
          "perms": "0755",
          "size": 4096,
          "sha1": null
        },
        {
          "path": "color-variants\/quantum-gray\/images\/button.png",
          "dir": false,
          "file": true,
          "perms": "0644",
          "size": 122,
          "sha1": "30cffe876ba4def01a1c85e705beb34cbd110063"
        },
        {
          "path": "color-variants\/quantum-gray\/images\/button_hover.png",
          "dir": false,
          "file": true,
          "perms": "0644",
          "size": 119,
          "sha1": "ee02f3b95ec372bc7f1cc5bcb497edff248c4d67"
        },
        {
          "path": "color-variants\/quantum-gray\/images\/comment_first_bg.png",
          "dir": false,
          "file": true,
          "perms": "0644",
          "size": 1241,
          "sha1": "69787f258f86c83079651cd6b4253c766fbd11ec"
        },
        {
          "path": "color-variants\/quantum-gray\/images\/header_bg.png",
          "dir": false,
          "file": true,
          "perms": "0644",
          "size": 22905,
          "sha1": "f7489022b045d3e9d271374290f133a705de406e"
        },
        {
          "path": "color-variants\/quantum-gray\/images\/transparent_bg.png",
          "dir": false,
          "file": true,
          "perms": "0644",
          "size": 105,
          "sha1": "8f45d64dae27f1253f1ff5ddb44b5cdec8351209"
        },
        {
          "path": "color-variants\/quantum-gray\/images\/widget_header_bg.png",
          "dir": false,
          "file": true,
          "perms": "0644",
          "size": 120,
          "sha1": "146f4b83834362a3669c60a3282d272f64dee7e8"
        },
        {
          "path": "color-variants\/quantum-gray\/images\/mini_menu_bg.png",
          "dir": false,
          "file": true,
          "perms": "0644",
          "size": 14553,
          "sha1": "f18ae700138ab23008162ff43cb09d54d50d101d"
        },
        {
          "path": "color-variants\/quantum-gray\/images\/wrapper_bg.png",
          "dir": false,
          "file": true,
          "perms": "0644",
          "size": 154,
          "sha1": "2e1daf0284a71d59af9aec5e4f404ad5905787c3"
        },
        {
          "path": "color-variants\/quantum-gray\/images\/foreground.png",
          "dir": false,
          "file": true,
          "perms": "0644",
          "size": 130,
          "sha1": "fe58807f59065de0ba80b595cacfbe999fc34443"
        },
        {
          "path": "color-variants\/quantum-gray\/images\/main_menu_bg.png",
          "dir": false,
          "file": true,
          "perms": "0644",
          "size": 123,
          "sha1": "88bb360cefd0bba3011e2e6df35799e8cd8e3554"
        },
        {
          "path": "color-variants\/quantum-beige",
          "dir": true,
          "file": false,
          "perms": "0755",
          "size": 4096,
          "sha1": null
        },
        {
          "path": "color-variants\/quantum-beige\/quantum_theme.png",
          "dir": false,
          "file": true,
          "perms": "0644",
          "size": 19062,
          "sha1": "83a16244b2d6ca49f67d713753348175f8cb1558"
        },
        {
          "path": "color-variants\/quantum-beige\/constants.css",
          "dir": false,
          "file": true,
          "perms": "0644",
          "size": 8759,
          "sha1": "127f8f07a2ff65dfec151bae387cb68ad3782e4a"
        },
        {
          "path": "color-variants\/quantum-beige\/images",
          "dir": true,
          "file": false,
          "perms": "0755",
          "size": 4096,
          "sha1": null
        },
        {
          "path": "color-variants\/quantum-beige\/images\/button.png",
          "dir": false,
          "file": true,
          "perms": "0644",
          "size": 143,
          "sha1": "762d939474dd9e405da78a9d7a0a33db8043c54e"
        },
        {
          "path": "color-variants\/quantum-beige\/images\/button_hover.png",
          "dir": false,
          "file": true,
          "perms": "0644",
          "size": 119,
          "sha1": "ff6b2a14ea360cb148ad1f9982ad8cc3b1b841ec"
        },
        {
          "path": "color-variants\/quantum-beige\/images\/comment_first_bg.png",
          "dir": false,
          "file": true,
          "perms": "0644",
          "size": 1241,
          "sha1": "69787f258f86c83079651cd6b4253c766fbd11ec"
        },
        {
          "path": "color-variants\/quantum-beige\/images\/header_bg.png",
          "dir": false,
          "file": true,
          "perms": "0644",
          "size": 22905,
          "sha1": "f7489022b045d3e9d271374290f133a705de406e"
        },
        {
          "path": "color-variants\/quantum-beige\/images\/transparent_bg.png",
          "dir": false,
          "file": true,
          "perms": "0644",
          "size": 105,
          "sha1": "8f45d64dae27f1253f1ff5ddb44b5cdec8351209"
        },
        {
          "path": "color-variants\/quantum-beige\/images\/widget_header_bg.png",
          "dir": false,
          "file": true,
          "perms": "0644",
          "size": 142,
          "sha1": "a899bd456ee6bbd0e796428669ba468660d590a3"
        },
        {
          "path": "color-variants\/quantum-beige\/images\/mini_menu_bg.png",
          "dir": false,
          "file": true,
          "perms": "0644",
          "size": 14553,
          "sha1": "f2c6f6ca6ffb1c8fed9678db4f2a20c21fc73df4"
        },
        {
          "path": "color-variants\/quantum-beige\/images\/wrapper_bg.png",
          "dir": false,
          "file": true,
          "perms": "0644",
          "size": 154,
          "sha1": "2e1daf0284a71d59af9aec5e4f404ad5905787c3"
        },
        {
          "path": "color-variants\/quantum-beige\/images\/foreground.png",
          "dir": false,
          "file": true,
          "perms": "0644",
          "size": 130,
          "sha1": "fe58807f59065de0ba80b595cacfbe999fc34443"
        },
        {
          "path": "color-variants\/quantum-beige\/images\/main_menu_bg.png",
          "dir": false,
          "file": true,
          "perms": "0644",
          "size": 145,
          "sha1": "76bf1ecf3a314332d36eadab05c2e809b5ecf461"
        },
        {
          "path": "images",
          "dir": true,
          "file": false,
          "perms": "0755",
          "size": 4096,
          "sha1": null
        },
        {
          "path": "images\/button.png",
          "dir": false,
          "file": true,
          "perms": "0644",
          "size": 152,
          "sha1": "0a4f9925e2511aeafe9f78e26d7868f736c4488c"
        },
        {
          "path": "images\/button_hover.png",
          "dir": false,
          "file": true,
          "perms": "0644",
          "size": 119,
          "sha1": "97524ba50a7c8e2b6adea28dbc56034702a6709a"
        },
        {
          "path": "images\/comment_first_bg.png",
          "dir": false,
          "file": true,
          "perms": "0644",
          "size": 1241,
          "sha1": "69787f258f86c83079651cd6b4253c766fbd11ec"
        },
        {
          "path": "images\/header_bg.png",
          "dir": false,
          "file": true,
          "perms": "0644",
          "size": 22905,
          "sha1": "f7489022b045d3e9d271374290f133a705de406e"
        },
        {
          "path": "images\/transparent_bg.png",
          "dir": false,
          "file": true,
          "perms": "0644",
          "size": 105,
          "sha1": "8f45d64dae27f1253f1ff5ddb44b5cdec8351209"
        },
        {
          "path": "images\/widget_header_bg.png",
          "dir": false,
          "file": true,
          "perms": "0644",
          "size": 153,
          "sha1": "c875a03141ee97363a8c7a34fe0faf66d4adf46c"
        },
        {
          "path": "images\/mini_menu_bg.png",
          "dir": false,
          "file": true,
          "perms": "0644",
          "size": 14553,
          "sha1": "5fd9e071871deae73761bf56acadc67ed921e625"
        },
        {
          "path": "images\/wrapper_bg.png",
          "dir": false,
          "file": true,
          "perms": "0644",
          "size": 154,
          "sha1": "2e1daf0284a71d59af9aec5e4f404ad5905787c3"
        },
        {
          "path": "images\/foreground.png",
          "dir": false,
          "file": true,
          "perms": "0644",
          "size": 130,
          "sha1": "fe58807f59065de0ba80b595cacfbe999fc34443"
        },
        {
          "path": "images\/main_menu_bg.png",
          "dir": false,
          "file": true,
          "perms": "0644",
          "size": 147,
          "sha1": "b2b98824f2108a0c3303dfc578ef999dba25a413"
        }
      ]
    }
  }
}