{
  "type": "theme",
  "name": "grid-blue",
  "version": "4.9.1",
  "revision": "10113",
  "path": "application\/themes\/grid-blue",
  "repository": null,
  "date": "Wed, 26 Apr 2017 15:50:15 +0000",
  "title": "Grid Blue",
  "description": null,
  "thumb": "grid_theme.png",
  "developer": null,
  "authors": [
    "Webligo Developments"
  ],
  "meta": {
    "date": "Wed, 26 Apr 2017 15:50:15 +0000",
    "title": "Grid Blue",
    "description": null,
    "developer": null,
    "authors": [
      "Webligo Developments"
    ],
    "changeLog": null
  },
  "actions": [
    "install",
    "upgrade",
    "refresh",
    "remove"
  ],
  "callback": {
    "path": null,
    "class": "Engine_Package_Installer_Theme",
    "priority": 100
  },
  "dependencies": null,
  "tests": [
    
  ],
  "permissions": [
    
  ],
  "structure": {
    "application\/themes\/grid-blue": {
      "type": "directory",
      "path": "application\/themes\/grid-blue",
      "structure": [
        {
          "path": "grid_theme.png",
          "dir": false,
          "file": true,
          "perms": "0644",
          "size": 15195,
          "sha1": "71a029e43e8cefa75d9dde0573328ecae5b7a413"
        },
        {
          "path": "mobile.css",
          "dir": false,
          "file": true,
          "perms": "0644",
          "size": 21114,
          "sha1": "fe3f4198b7f5906a1e1c76695f91273f80e5c9c1"
        },
        {
          "path": "constants.css",
          "dir": false,
          "file": true,
          "perms": "0644",
          "size": 7310,
          "sha1": "886756dc9f71c03a840a014abcea7e7e5648f24c"
        },
        {
          "path": "manifest.php",
          "dir": false,
          "file": true,
          "perms": "0644",
          "size": 1440,
          "sha1": "f5a4ccbbab90cb6d9e09d46862897537df185ece"
        },
        {
          "path": "theme.css",
          "dir": false,
          "file": true,
          "perms": "0644",
          "size": 37069,
          "sha1": "bbb349001d02380450b0dd8b3da8bf93313e9148"
        },
        {
          "path": "color-variants",
          "dir": true,
          "file": false,
          "perms": "0755",
          "size": 4096,
          "sha1": null
        },
        {
          "path": "color-variants\/grid-red",
          "dir": true,
          "file": false,
          "perms": "0755",
          "size": 4096,
          "sha1": null
        },
        {
          "path": "color-variants\/grid-red\/grid_theme.png",
          "dir": false,
          "file": true,
          "perms": "0644",
          "size": 15074,
          "sha1": "9960085c48afe45c0e3ca9fb180b317330ee441e"
        },
        {
          "path": "color-variants\/grid-red\/constants.css",
          "dir": false,
          "file": true,
          "perms": "0644",
          "size": 7310,
          "sha1": "37906c94ef90c16204d59ebc6a6f0cfb512cc6be"
        },
        {
          "path": "color-variants\/grid-red\/images",
          "dir": true,
          "file": false,
          "perms": "0755",
          "size": 4096,
          "sha1": null
        },
        {
          "path": "color-variants\/grid-red\/images\/grid_dark.png",
          "dir": false,
          "file": true,
          "perms": "0644",
          "size": 147,
          "sha1": "bc60eb8be092e22bfa65500f7fbe6796ce4f1426"
        },
        {
          "path": "color-variants\/grid-red\/images\/search_bg.png",
          "dir": false,
          "file": true,
          "perms": "0644",
          "size": 116,
          "sha1": "eb052207d1796e8d4c0bb205e205f92b422d7045"
        },
        {
          "path": "color-variants\/grid-red\/images\/clock_icon.png",
          "dir": false,
          "file": true,
          "perms": "0644",
          "size": 424,
          "sha1": "f13876a054b439b491791b16a41181fbce8b6231"
        },
        {
          "path": "color-variants\/grid-red\/images\/arrow_d.png",
          "dir": false,
          "file": true,
          "perms": "0644",
          "size": 239,
          "sha1": "3d67f0af4f2e694ad0ed79cf79e30a2e6feed12b"
        },
        {
          "path": "color-variants\/grid-red\/images\/grid_light.png",
          "dir": false,
          "file": true,
          "perms": "0644",
          "size": 2547,
          "sha1": "af19ff0fd4192cc48857d5326613d82f31801fc4"
        },
        {
          "path": "color-variants\/grid-red\/images\/arrow_r.png",
          "dir": false,
          "file": true,
          "perms": "0644",
          "size": 230,
          "sha1": "54e679e231caf6d661479abe176154754442a0ff"
        },
        {
          "path": "color-variants\/grid-red\/images\/comment_blocks.png",
          "dir": false,
          "file": true,
          "perms": "0644",
          "size": 149,
          "sha1": "e90de2b5649ec99519cd8c9f4a92cc6e2a09dce8"
        },
        {
          "path": "color-variants\/grid-red\/images\/sep.png",
          "dir": false,
          "file": true,
          "perms": "0644",
          "size": 110,
          "sha1": "d0a2d20655f0fc2ad4deed4c54fa5bfaf8f5c630"
        },
        {
          "path": "color-variants\/grid-red\/images\/icons",
          "dir": true,
          "file": false,
          "perms": "0755",
          "size": 4096,
          "sha1": null
        },
        {
          "path": "color-variants\/grid-red\/images\/icons\/facebook.png",
          "dir": false,
          "file": true,
          "perms": "0644",
          "size": 552,
          "sha1": "ea706f830352b302e5ae687f66be794dcc287cea"
        },
        {
          "path": "color-variants\/grid-red\/images\/icons\/reddit.png",
          "dir": false,
          "file": true,
          "perms": "0644",
          "size": 679,
          "sha1": "c27274b1af8fbf3b7ba236a9496c4e4417b41b3b"
        },
        {
          "path": "color-variants\/grid-red\/images\/icons\/twitter.png",
          "dir": false,
          "file": true,
          "perms": "0644",
          "size": 514,
          "sha1": "aa531afa31d3cbdff3be8186f91d86ea08cb0fd0"
        },
        {
          "path": "color-variants\/grid-red\/images\/icons\/skype.png",
          "dir": false,
          "file": true,
          "perms": "0644",
          "size": 737,
          "sha1": "d770517aa186a14b8e2a5a54ebe696af576be1cd"
        },
        {
          "path": "color-variants\/grid-red\/images\/icons\/stumbleupon.png",
          "dir": false,
          "file": true,
          "perms": "0644",
          "size": 630,
          "sha1": "3160dfeea26ac3df99cf268f4d66d91c9fed52f6"
        },
        {
          "path": "color-variants\/grid-red\/images\/icons\/google.png",
          "dir": false,
          "file": true,
          "perms": "0644",
          "size": 602,
          "sha1": "97fe11120986e2c3b66786df06f9e4eb09734898"
        },
        {
          "path": "color-variants\/grid-red\/images\/services_sep.png",
          "dir": false,
          "file": true,
          "perms": "0644",
          "size": 118,
          "sha1": "fec62546a64fc189395516f82e61faef76f151df"
        },
        {
          "path": "color-variants\/grid-dark",
          "dir": true,
          "file": false,
          "perms": "0755",
          "size": 4096,
          "sha1": null
        },
        {
          "path": "color-variants\/grid-dark\/grid_theme.png",
          "dir": false,
          "file": true,
          "perms": "0644",
          "size": 14826,
          "sha1": "e1c930b5dff606380ff6465b427d9bbf936ac5b3"
        },
        {
          "path": "color-variants\/grid-dark\/constants.css",
          "dir": false,
          "file": true,
          "perms": "0644",
          "size": 7277,
          "sha1": "c3f1643cf54b73d0d685b30f05b6b1f013dd5293"
        },
        {
          "path": "color-variants\/grid-dark\/images",
          "dir": true,
          "file": false,
          "perms": "0755",
          "size": 4096,
          "sha1": null
        },
        {
          "path": "color-variants\/grid-dark\/images\/grid_dark.png",
          "dir": false,
          "file": true,
          "perms": "0644",
          "size": 147,
          "sha1": "bc60eb8be092e22bfa65500f7fbe6796ce4f1426"
        },
        {
          "path": "color-variants\/grid-dark\/images\/search_bg.png",
          "dir": false,
          "file": true,
          "perms": "0644",
          "size": 116,
          "sha1": "eb052207d1796e8d4c0bb205e205f92b422d7045"
        },
        {
          "path": "color-variants\/grid-dark\/images\/clock_icon.png",
          "dir": false,
          "file": true,
          "perms": "0644",
          "size": 417,
          "sha1": "e848c96728cd29b1908ff0e88b135b207687794b"
        },
        {
          "path": "color-variants\/grid-dark\/images\/arrow_d.png",
          "dir": false,
          "file": true,
          "perms": "0644",
          "size": 239,
          "sha1": "3d67f0af4f2e694ad0ed79cf79e30a2e6feed12b"
        },
        {
          "path": "color-variants\/grid-dark\/images\/grid_light.png",
          "dir": false,
          "file": true,
          "perms": "0644",
          "size": 2547,
          "sha1": "af19ff0fd4192cc48857d5326613d82f31801fc4"
        },
        {
          "path": "color-variants\/grid-dark\/images\/arrow_r.png",
          "dir": false,
          "file": true,
          "perms": "0644",
          "size": 230,
          "sha1": "54e679e231caf6d661479abe176154754442a0ff"
        },
        {
          "path": "color-variants\/grid-dark\/images\/comment_blocks.png",
          "dir": false,
          "file": true,
          "perms": "0644",
          "size": 149,
          "sha1": "e90de2b5649ec99519cd8c9f4a92cc6e2a09dce8"
        },
        {
          "path": "color-variants\/grid-dark\/images\/sep.png",
          "dir": false,
          "file": true,
          "perms": "0644",
          "size": 110,
          "sha1": "d0a2d20655f0fc2ad4deed4c54fa5bfaf8f5c630"
        },
        {
          "path": "color-variants\/grid-dark\/images\/icons",
          "dir": true,
          "file": false,
          "perms": "0755",
          "size": 4096,
          "sha1": null
        },
        {
          "path": "color-variants\/grid-dark\/images\/icons\/facebook.png",
          "dir": false,
          "file": true,
          "perms": "0644",
          "size": 552,
          "sha1": "ea706f830352b302e5ae687f66be794dcc287cea"
        },
        {
          "path": "color-variants\/grid-dark\/images\/icons\/reddit.png",
          "dir": false,
          "file": true,
          "perms": "0644",
          "size": 679,
          "sha1": "c27274b1af8fbf3b7ba236a9496c4e4417b41b3b"
        },
        {
          "path": "color-variants\/grid-dark\/images\/icons\/twitter.png",
          "dir": false,
          "file": true,
          "perms": "0644",
          "size": 514,
          "sha1": "aa531afa31d3cbdff3be8186f91d86ea08cb0fd0"
        },
        {
          "path": "color-variants\/grid-dark\/images\/icons\/skype.png",
          "dir": false,
          "file": true,
          "perms": "0644",
          "size": 737,
          "sha1": "d770517aa186a14b8e2a5a54ebe696af576be1cd"
        },
        {
          "path": "color-variants\/grid-dark\/images\/icons\/stumbleupon.png",
          "dir": false,
          "file": true,
          "perms": "0644",
          "size": 630,
          "sha1": "3160dfeea26ac3df99cf268f4d66d91c9fed52f6"
        },
        {
          "path": "color-variants\/grid-dark\/images\/icons\/google.png",
          "dir": false,
          "file": true,
          "perms": "0644",
          "size": 602,
          "sha1": "97fe11120986e2c3b66786df06f9e4eb09734898"
        },
        {
          "path": "color-variants\/grid-dark\/images\/services_sep.png",
          "dir": false,
          "file": true,
          "perms": "0644",
          "size": 118,
          "sha1": "fec62546a64fc189395516f82e61faef76f151df"
        },
        {
          "path": "color-variants\/grid-gray",
          "dir": true,
          "file": false,
          "perms": "0755",
          "size": 4096,
          "sha1": null
        },
        {
          "path": "color-variants\/grid-gray\/grid_theme.png",
          "dir": false,
          "file": true,
          "perms": "0644",
          "size": 14402,
          "sha1": "06ad3ac7f71772efb88cfe0e65140ed523a9ba3a"
        },
        {
          "path": "color-variants\/grid-gray\/constants.css",
          "dir": false,
          "file": true,
          "perms": "0644",
          "size": 7281,
          "sha1": "38abef25b9cd52916eb3f4fd1e13785065c4532f"
        },
        {
          "path": "color-variants\/grid-gray\/images",
          "dir": true,
          "file": false,
          "perms": "0755",
          "size": 4096,
          "sha1": null
        },
        {
          "path": "color-variants\/grid-gray\/images\/grid_dark.png",
          "dir": false,
          "file": true,
          "perms": "0644",
          "size": 147,
          "sha1": "bc60eb8be092e22bfa65500f7fbe6796ce4f1426"
        },
        {
          "path": "color-variants\/grid-gray\/images\/search_bg.png",
          "dir": false,
          "file": true,
          "perms": "0644",
          "size": 116,
          "sha1": "eb052207d1796e8d4c0bb205e205f92b422d7045"
        },
        {
          "path": "color-variants\/grid-gray\/images\/clock_icon.png",
          "dir": false,
          "file": true,
          "perms": "0644",
          "size": 417,
          "sha1": "e848c96728cd29b1908ff0e88b135b207687794b"
        },
        {
          "path": "color-variants\/grid-gray\/images\/arrow_d.png",
          "dir": false,
          "file": true,
          "perms": "0644",
          "size": 239,
          "sha1": "3d67f0af4f2e694ad0ed79cf79e30a2e6feed12b"
        },
        {
          "path": "color-variants\/grid-gray\/images\/grid_light.png",
          "dir": false,
          "file": true,
          "perms": "0644",
          "size": 2547,
          "sha1": "af19ff0fd4192cc48857d5326613d82f31801fc4"
        },
        {
          "path": "color-variants\/grid-gray\/images\/arrow_r.png",
          "dir": false,
          "file": true,
          "perms": "0644",
          "size": 230,
          "sha1": "54e679e231caf6d661479abe176154754442a0ff"
        },
        {
          "path": "color-variants\/grid-gray\/images\/comment_blocks.png",
          "dir": false,
          "file": true,
          "perms": "0644",
          "size": 149,
          "sha1": "e90de2b5649ec99519cd8c9f4a92cc6e2a09dce8"
        },
        {
          "path": "color-variants\/grid-gray\/images\/sep.png",
          "dir": false,
          "file": true,
          "perms": "0644",
          "size": 110,
          "sha1": "d0a2d20655f0fc2ad4deed4c54fa5bfaf8f5c630"
        },
        {
          "path": "color-variants\/grid-gray\/images\/icons",
          "dir": true,
          "file": false,
          "perms": "0755",
          "size": 4096,
          "sha1": null
        },
        {
          "path": "color-variants\/grid-gray\/images\/icons\/facebook.png",
          "dir": false,
          "file": true,
          "perms": "0644",
          "size": 552,
          "sha1": "ea706f830352b302e5ae687f66be794dcc287cea"
        },
        {
          "path": "color-variants\/grid-gray\/images\/icons\/reddit.png",
          "dir": false,
          "file": true,
          "perms": "0644",
          "size": 679,
          "sha1": "c27274b1af8fbf3b7ba236a9496c4e4417b41b3b"
        },
        {
          "path": "color-variants\/grid-gray\/images\/icons\/twitter.png",
          "dir": false,
          "file": true,
          "perms": "0644",
          "size": 514,
          "sha1": "aa531afa31d3cbdff3be8186f91d86ea08cb0fd0"
        },
        {
          "path": "color-variants\/grid-gray\/images\/icons\/skype.png",
          "dir": false,
          "file": true,
          "perms": "0644",
          "size": 737,
          "sha1": "d770517aa186a14b8e2a5a54ebe696af576be1cd"
        },
        {
          "path": "color-variants\/grid-gray\/images\/icons\/stumbleupon.png",
          "dir": false,
          "file": true,
          "perms": "0644",
          "size": 630,
          "sha1": "3160dfeea26ac3df99cf268f4d66d91c9fed52f6"
        },
        {
          "path": "color-variants\/grid-gray\/images\/icons\/google.png",
          "dir": false,
          "file": true,
          "perms": "0644",
          "size": 602,
          "sha1": "97fe11120986e2c3b66786df06f9e4eb09734898"
        },
        {
          "path": "color-variants\/grid-gray\/images\/services_sep.png",
          "dir": false,
          "file": true,
          "perms": "0644",
          "size": 118,
          "sha1": "fec62546a64fc189395516f82e61faef76f151df"
        },
        {
          "path": "color-variants\/grid-pink",
          "dir": true,
          "file": false,
          "perms": "0755",
          "size": 4096,
          "sha1": null
        },
        {
          "path": "color-variants\/grid-pink\/grid_theme.png",
          "dir": false,
          "file": true,
          "perms": "0644",
          "size": 15249,
          "sha1": "4cc59d1d19529c36c194b71e624dc9364647e363"
        },
        {
          "path": "color-variants\/grid-pink\/constants.css",
          "dir": false,
          "file": true,
          "perms": "0644",
          "size": 7312,
          "sha1": "95f9a5a02ce25384fd4b38ad9b57bb83c8b9e179"
        },
        {
          "path": "color-variants\/grid-pink\/images",
          "dir": true,
          "file": false,
          "perms": "0755",
          "size": 4096,
          "sha1": null
        },
        {
          "path": "color-variants\/grid-pink\/images\/grid_dark.png",
          "dir": false,
          "file": true,
          "perms": "0644",
          "size": 147,
          "sha1": "bc60eb8be092e22bfa65500f7fbe6796ce4f1426"
        },
        {
          "path": "color-variants\/grid-pink\/images\/search_bg.png",
          "dir": false,
          "file": true,
          "perms": "0644",
          "size": 116,
          "sha1": "eb052207d1796e8d4c0bb205e205f92b422d7045"
        },
        {
          "path": "color-variants\/grid-pink\/images\/clock_icon.png",
          "dir": false,
          "file": true,
          "perms": "0644",
          "size": 417,
          "sha1": "e041198dbb60c8425f621452ee2806fca5e4b7ff"
        },
        {
          "path": "color-variants\/grid-pink\/images\/arrow_d.png",
          "dir": false,
          "file": true,
          "perms": "0644",
          "size": 239,
          "sha1": "3d67f0af4f2e694ad0ed79cf79e30a2e6feed12b"
        },
        {
          "path": "color-variants\/grid-pink\/images\/grid_light.png",
          "dir": false,
          "file": true,
          "perms": "0644",
          "size": 2547,
          "sha1": "af19ff0fd4192cc48857d5326613d82f31801fc4"
        },
        {
          "path": "color-variants\/grid-pink\/images\/arrow_r.png",
          "dir": false,
          "file": true,
          "perms": "0644",
          "size": 230,
          "sha1": "54e679e231caf6d661479abe176154754442a0ff"
        },
        {
          "path": "color-variants\/grid-pink\/images\/comment_blocks.png",
          "dir": false,
          "file": true,
          "perms": "0644",
          "size": 149,
          "sha1": "e90de2b5649ec99519cd8c9f4a92cc6e2a09dce8"
        },
        {
          "path": "color-variants\/grid-pink\/images\/sep.png",
          "dir": false,
          "file": true,
          "perms": "0644",
          "size": 110,
          "sha1": "d0a2d20655f0fc2ad4deed4c54fa5bfaf8f5c630"
        },
        {
          "path": "color-variants\/grid-pink\/images\/icons",
          "dir": true,
          "file": false,
          "perms": "0755",
          "size": 4096,
          "sha1": null
        },
        {
          "path": "color-variants\/grid-pink\/images\/icons\/facebook.png",
          "dir": false,
          "file": true,
          "perms": "0644",
          "size": 552,
          "sha1": "ea706f830352b302e5ae687f66be794dcc287cea"
        },
        {
          "path": "color-variants\/grid-pink\/images\/icons\/reddit.png",
          "dir": false,
          "file": true,
          "perms": "0644",
          "size": 679,
          "sha1": "c27274b1af8fbf3b7ba236a9496c4e4417b41b3b"
        },
        {
          "path": "color-variants\/grid-pink\/images\/icons\/twitter.png",
          "dir": false,
          "file": true,
          "perms": "0644",
          "size": 514,
          "sha1": "aa531afa31d3cbdff3be8186f91d86ea08cb0fd0"
        },
        {
          "path": "color-variants\/grid-pink\/images\/icons\/skype.png",
          "dir": false,
          "file": true,
          "perms": "0644",
          "size": 737,
          "sha1": "d770517aa186a14b8e2a5a54ebe696af576be1cd"
        },
        {
          "path": "color-variants\/grid-pink\/images\/icons\/stumbleupon.png",
          "dir": false,
          "file": true,
          "perms": "0644",
          "size": 630,
          "sha1": "3160dfeea26ac3df99cf268f4d66d91c9fed52f6"
        },
        {
          "path": "color-variants\/grid-pink\/images\/icons\/google.png",
          "dir": false,
          "file": true,
          "perms": "0644",
          "size": 602,
          "sha1": "97fe11120986e2c3b66786df06f9e4eb09734898"
        },
        {
          "path": "color-variants\/grid-pink\/images\/services_sep.png",
          "dir": false,
          "file": true,
          "perms": "0644",
          "size": 118,
          "sha1": "fec62546a64fc189395516f82e61faef76f151df"
        },
        {
          "path": "color-variants\/grid-brown",
          "dir": true,
          "file": false,
          "perms": "0755",
          "size": 4096,
          "sha1": null
        },
        {
          "path": "color-variants\/grid-brown\/grid_theme.png",
          "dir": false,
          "file": true,
          "perms": "0644",
          "size": 15194,
          "sha1": "01fd9e5de9cf9ff493bdcf8e4b0e87c9aca4a12d"
        },
        {
          "path": "color-variants\/grid-brown\/constants.css",
          "dir": false,
          "file": true,
          "perms": "0644",
          "size": 7315,
          "sha1": "dc403bd672883351d09eb22e4459e346e372104d"
        },
        {
          "path": "color-variants\/grid-brown\/images",
          "dir": true,
          "file": false,
          "perms": "0755",
          "size": 4096,
          "sha1": null
        },
        {
          "path": "color-variants\/grid-brown\/images\/grid_dark.png",
          "dir": false,
          "file": true,
          "perms": "0644",
          "size": 147,
          "sha1": "bc60eb8be092e22bfa65500f7fbe6796ce4f1426"
        },
        {
          "path": "color-variants\/grid-brown\/images\/search_bg.png",
          "dir": false,
          "file": true,
          "perms": "0644",
          "size": 116,
          "sha1": "eb052207d1796e8d4c0bb205e205f92b422d7045"
        },
        {
          "path": "color-variants\/grid-brown\/images\/clock_icon.png",
          "dir": false,
          "file": true,
          "perms": "0644",
          "size": 418,
          "sha1": "8bf137a793e5b06e6b226e81a05469dae3467b48"
        },
        {
          "path": "color-variants\/grid-brown\/images\/arrow_d.png",
          "dir": false,
          "file": true,
          "perms": "0644",
          "size": 239,
          "sha1": "3d67f0af4f2e694ad0ed79cf79e30a2e6feed12b"
        },
        {
          "path": "color-variants\/grid-brown\/images\/grid_light.png",
          "dir": false,
          "file": true,
          "perms": "0644",
          "size": 2547,
          "sha1": "af19ff0fd4192cc48857d5326613d82f31801fc4"
        },
        {
          "path": "color-variants\/grid-brown\/images\/arrow_r.png",
          "dir": false,
          "file": true,
          "perms": "0644",
          "size": 230,
          "sha1": "54e679e231caf6d661479abe176154754442a0ff"
        },
        {
          "path": "color-variants\/grid-brown\/images\/comment_blocks.png",
          "dir": false,
          "file": true,
          "perms": "0644",
          "size": 149,
          "sha1": "e90de2b5649ec99519cd8c9f4a92cc6e2a09dce8"
        },
        {
          "path": "color-variants\/grid-brown\/images\/sep.png",
          "dir": false,
          "file": true,
          "perms": "0644",
          "size": 110,
          "sha1": "d0a2d20655f0fc2ad4deed4c54fa5bfaf8f5c630"
        },
        {
          "path": "color-variants\/grid-brown\/images\/icons",
          "dir": true,
          "file": false,
          "perms": "0755",
          "size": 4096,
          "sha1": null
        },
        {
          "path": "color-variants\/grid-brown\/images\/icons\/facebook.png",
          "dir": false,
          "file": true,
          "perms": "0644",
          "size": 552,
          "sha1": "ea706f830352b302e5ae687f66be794dcc287cea"
        },
        {
          "path": "color-variants\/grid-brown\/images\/icons\/reddit.png",
          "dir": false,
          "file": true,
          "perms": "0644",
          "size": 679,
          "sha1": "c27274b1af8fbf3b7ba236a9496c4e4417b41b3b"
        },
        {
          "path": "color-variants\/grid-brown\/images\/icons\/twitter.png",
          "dir": false,
          "file": true,
          "perms": "0644",
          "size": 514,
          "sha1": "aa531afa31d3cbdff3be8186f91d86ea08cb0fd0"
        },
        {
          "path": "color-variants\/grid-brown\/images\/icons\/skype.png",
          "dir": false,
          "file": true,
          "perms": "0644",
          "size": 737,
          "sha1": "d770517aa186a14b8e2a5a54ebe696af576be1cd"
        },
        {
          "path": "color-variants\/grid-brown\/images\/icons\/stumbleupon.png",
          "dir": false,
          "file": true,
          "perms": "0644",
          "size": 630,
          "sha1": "3160dfeea26ac3df99cf268f4d66d91c9fed52f6"
        },
        {
          "path": "color-variants\/grid-brown\/images\/icons\/google.png",
          "dir": false,
          "file": true,
          "perms": "0644",
          "size": 602,
          "sha1": "97fe11120986e2c3b66786df06f9e4eb09734898"
        },
        {
          "path": "color-variants\/grid-brown\/images\/services_sep.png",
          "dir": false,
          "file": true,
          "perms": "0644",
          "size": 118,
          "sha1": "fec62546a64fc189395516f82e61faef76f151df"
        },
        {
          "path": "color-variants\/grid-purple",
          "dir": true,
          "file": false,
          "perms": "0755",
          "size": 4096,
          "sha1": null
        },
        {
          "path": "color-variants\/grid-purple\/grid_theme.png",
          "dir": false,
          "file": true,
          "perms": "0644",
          "size": 15079,
          "sha1": "f89895d314285ab89536ab167907f9a7ccb90845"
        },
        {
          "path": "color-variants\/grid-purple\/constants.css",
          "dir": false,
          "file": true,
          "perms": "0644",
          "size": 7306,
          "sha1": "ff2dba5102e9089f186902ab34fbe53633a7bb43"
        },
        {
          "path": "color-variants\/grid-purple\/images",
          "dir": true,
          "file": false,
          "perms": "0755",
          "size": 4096,
          "sha1": null
        },
        {
          "path": "color-variants\/grid-purple\/images\/grid_dark.png",
          "dir": false,
          "file": true,
          "perms": "0644",
          "size": 147,
          "sha1": "bc60eb8be092e22bfa65500f7fbe6796ce4f1426"
        },
        {
          "path": "color-variants\/grid-purple\/images\/search_bg.png",
          "dir": false,
          "file": true,
          "perms": "0644",
          "size": 116,
          "sha1": "eb052207d1796e8d4c0bb205e205f92b422d7045"
        },
        {
          "path": "color-variants\/grid-purple\/images\/clock_icon.png",
          "dir": false,
          "file": true,
          "perms": "0644",
          "size": 422,
          "sha1": "b3a88aa67cfa727a827e4c8282abc7b25452e9fd"
        },
        {
          "path": "color-variants\/grid-purple\/images\/arrow_d.png",
          "dir": false,
          "file": true,
          "perms": "0644",
          "size": 239,
          "sha1": "3d67f0af4f2e694ad0ed79cf79e30a2e6feed12b"
        },
        {
          "path": "color-variants\/grid-purple\/images\/grid_light.png",
          "dir": false,
          "file": true,
          "perms": "0644",
          "size": 2547,
          "sha1": "af19ff0fd4192cc48857d5326613d82f31801fc4"
        },
        {
          "path": "color-variants\/grid-purple\/images\/arrow_r.png",
          "dir": false,
          "file": true,
          "perms": "0644",
          "size": 230,
          "sha1": "54e679e231caf6d661479abe176154754442a0ff"
        },
        {
          "path": "color-variants\/grid-purple\/images\/comment_blocks.png",
          "dir": false,
          "file": true,
          "perms": "0644",
          "size": 149,
          "sha1": "e90de2b5649ec99519cd8c9f4a92cc6e2a09dce8"
        },
        {
          "path": "color-variants\/grid-purple\/images\/sep.png",
          "dir": false,
          "file": true,
          "perms": "0644",
          "size": 110,
          "sha1": "d0a2d20655f0fc2ad4deed4c54fa5bfaf8f5c630"
        },
        {
          "path": "color-variants\/grid-purple\/images\/icons",
          "dir": true,
          "file": false,
          "perms": "0755",
          "size": 4096,
          "sha1": null
        },
        {
          "path": "color-variants\/grid-purple\/images\/icons\/facebook.png",
          "dir": false,
          "file": true,
          "perms": "0644",
          "size": 552,
          "sha1": "ea706f830352b302e5ae687f66be794dcc287cea"
        },
        {
          "path": "color-variants\/grid-purple\/images\/icons\/reddit.png",
          "dir": false,
          "file": true,
          "perms": "0644",
          "size": 679,
          "sha1": "c27274b1af8fbf3b7ba236a9496c4e4417b41b3b"
        },
        {
          "path": "color-variants\/grid-purple\/images\/icons\/twitter.png",
          "dir": false,
          "file": true,
          "perms": "0644",
          "size": 514,
          "sha1": "aa531afa31d3cbdff3be8186f91d86ea08cb0fd0"
        },
        {
          "path": "color-variants\/grid-purple\/images\/icons\/skype.png",
          "dir": false,
          "file": true,
          "perms": "0644",
          "size": 737,
          "sha1": "d770517aa186a14b8e2a5a54ebe696af576be1cd"
        },
        {
          "path": "color-variants\/grid-purple\/images\/icons\/stumbleupon.png",
          "dir": false,
          "file": true,
          "perms": "0644",
          "size": 630,
          "sha1": "3160dfeea26ac3df99cf268f4d66d91c9fed52f6"
        },
        {
          "path": "color-variants\/grid-purple\/images\/icons\/google.png",
          "dir": false,
          "file": true,
          "perms": "0644",
          "size": 602,
          "sha1": "97fe11120986e2c3b66786df06f9e4eb09734898"
        },
        {
          "path": "color-variants\/grid-purple\/images\/services_sep.png",
          "dir": false,
          "file": true,
          "perms": "0644",
          "size": 118,
          "sha1": "fec62546a64fc189395516f82e61faef76f151df"
        },
        {
          "path": "color-variants\/grid-green",
          "dir": true,
          "file": false,
          "perms": "0755",
          "size": 4096,
          "sha1": null
        },
        {
          "path": "color-variants\/grid-green\/grid_theme.png",
          "dir": false,
          "file": true,
          "perms": "0644",
          "size": 15152,
          "sha1": "7aa3087d36aee1937f2cfd18aacdb9f657410f29"
        },
        {
          "path": "color-variants\/grid-green\/constants.css",
          "dir": false,
          "file": true,
          "perms": "0644",
          "size": 7312,
          "sha1": "ea1b4080993c930887f2bd0f4d98edef3e6a4314"
        },
        {
          "path": "color-variants\/grid-green\/images",
          "dir": true,
          "file": false,
          "perms": "0755",
          "size": 4096,
          "sha1": null
        },
        {
          "path": "color-variants\/grid-green\/images\/grid_dark.png",
          "dir": false,
          "file": true,
          "perms": "0644",
          "size": 147,
          "sha1": "bc60eb8be092e22bfa65500f7fbe6796ce4f1426"
        },
        {
          "path": "color-variants\/grid-green\/images\/search_bg.png",
          "dir": false,
          "file": true,
          "perms": "0644",
          "size": 116,
          "sha1": "eb052207d1796e8d4c0bb205e205f92b422d7045"
        },
        {
          "path": "color-variants\/grid-green\/images\/clock_icon.png",
          "dir": false,
          "file": true,
          "perms": "0644",
          "size": 418,
          "sha1": "2190851b54eb5ac49dc0e012f10cb2be42fa2cf6"
        },
        {
          "path": "color-variants\/grid-green\/images\/arrow_d.png",
          "dir": false,
          "file": true,
          "perms": "0644",
          "size": 239,
          "sha1": "3d67f0af4f2e694ad0ed79cf79e30a2e6feed12b"
        },
        {
          "path": "color-variants\/grid-green\/images\/grid_light.png",
          "dir": false,
          "file": true,
          "perms": "0644",
          "size": 2547,
          "sha1": "af19ff0fd4192cc48857d5326613d82f31801fc4"
        },
        {
          "path": "color-variants\/grid-green\/images\/arrow_r.png",
          "dir": false,
          "file": true,
          "perms": "0644",
          "size": 230,
          "sha1": "54e679e231caf6d661479abe176154754442a0ff"
        },
        {
          "path": "color-variants\/grid-green\/images\/comment_blocks.png",
          "dir": false,
          "file": true,
          "perms": "0644",
          "size": 149,
          "sha1": "e90de2b5649ec99519cd8c9f4a92cc6e2a09dce8"
        },
        {
          "path": "color-variants\/grid-green\/images\/sep.png",
          "dir": false,
          "file": true,
          "perms": "0644",
          "size": 110,
          "sha1": "d0a2d20655f0fc2ad4deed4c54fa5bfaf8f5c630"
        },
        {
          "path": "color-variants\/grid-green\/images\/icons",
          "dir": true,
          "file": false,
          "perms": "0755",
          "size": 4096,
          "sha1": null
        },
        {
          "path": "color-variants\/grid-green\/images\/icons\/facebook.png",
          "dir": false,
          "file": true,
          "perms": "0644",
          "size": 552,
          "sha1": "ea706f830352b302e5ae687f66be794dcc287cea"
        },
        {
          "path": "color-variants\/grid-green\/images\/icons\/reddit.png",
          "dir": false,
          "file": true,
          "perms": "0644",
          "size": 679,
          "sha1": "c27274b1af8fbf3b7ba236a9496c4e4417b41b3b"
        },
        {
          "path": "color-variants\/grid-green\/images\/icons\/twitter.png",
          "dir": false,
          "file": true,
          "perms": "0644",
          "size": 514,
          "sha1": "aa531afa31d3cbdff3be8186f91d86ea08cb0fd0"
        },
        {
          "path": "color-variants\/grid-green\/images\/icons\/skype.png",
          "dir": false,
          "file": true,
          "perms": "0644",
          "size": 737,
          "sha1": "d770517aa186a14b8e2a5a54ebe696af576be1cd"
        },
        {
          "path": "color-variants\/grid-green\/images\/icons\/stumbleupon.png",
          "dir": false,
          "file": true,
          "perms": "0644",
          "size": 630,
          "sha1": "3160dfeea26ac3df99cf268f4d66d91c9fed52f6"
        },
        {
          "path": "color-variants\/grid-green\/images\/icons\/google.png",
          "dir": false,
          "file": true,
          "perms": "0644",
          "size": 602,
          "sha1": "97fe11120986e2c3b66786df06f9e4eb09734898"
        },
        {
          "path": "color-variants\/grid-green\/images\/services_sep.png",
          "dir": false,
          "file": true,
          "perms": "0644",
          "size": 118,
          "sha1": "fec62546a64fc189395516f82e61faef76f151df"
        },
        {
          "path": "images",
          "dir": true,
          "file": false,
          "perms": "0755",
          "size": 4096,
          "sha1": null
        },
        {
          "path": "images\/grid_dark.png",
          "dir": false,
          "file": true,
          "perms": "0644",
          "size": 147,
          "sha1": "bc60eb8be092e22bfa65500f7fbe6796ce4f1426"
        },
        {
          "path": "images\/search_bg.png",
          "dir": false,
          "file": true,
          "perms": "0644",
          "size": 116,
          "sha1": "eb052207d1796e8d4c0bb205e205f92b422d7045"
        },
        {
          "path": "images\/clock_icon.png",
          "dir": false,
          "file": true,
          "perms": "0644",
          "size": 418,
          "sha1": "95ff3e248b28aee0df01311994468a1abe696b29"
        },
        {
          "path": "images\/arrow_d.png",
          "dir": false,
          "file": true,
          "perms": "0644",
          "size": 239,
          "sha1": "3d67f0af4f2e694ad0ed79cf79e30a2e6feed12b"
        },
        {
          "path": "images\/grid_light.png",
          "dir": false,
          "file": true,
          "perms": "0644",
          "size": 2547,
          "sha1": "af19ff0fd4192cc48857d5326613d82f31801fc4"
        },
        {
          "path": "images\/arrow_r.png",
          "dir": false,
          "file": true,
          "perms": "0644",
          "size": 230,
          "sha1": "54e679e231caf6d661479abe176154754442a0ff"
        },
        {
          "path": "images\/comment_blocks.png",
          "dir": false,
          "file": true,
          "perms": "0644",
          "size": 149,
          "sha1": "e90de2b5649ec99519cd8c9f4a92cc6e2a09dce8"
        },
        {
          "path": "images\/sep.png",
          "dir": false,
          "file": true,
          "perms": "0644",
          "size": 110,
          "sha1": "d0a2d20655f0fc2ad4deed4c54fa5bfaf8f5c630"
        },
        {
          "path": "images\/icons",
          "dir": true,
          "file": false,
          "perms": "0755",
          "size": 4096,
          "sha1": null
        },
        {
          "path": "images\/icons\/facebook.png",
          "dir": false,
          "file": true,
          "perms": "0644",
          "size": 552,
          "sha1": "ea706f830352b302e5ae687f66be794dcc287cea"
        },
        {
          "path": "images\/icons\/reddit.png",
          "dir": false,
          "file": true,
          "perms": "0644",
          "size": 679,
          "sha1": "c27274b1af8fbf3b7ba236a9496c4e4417b41b3b"
        },
        {
          "path": "images\/icons\/twitter.png",
          "dir": false,
          "file": true,
          "perms": "0644",
          "size": 514,
          "sha1": "aa531afa31d3cbdff3be8186f91d86ea08cb0fd0"
        },
        {
          "path": "images\/icons\/skype.png",
          "dir": false,
          "file": true,
          "perms": "0644",
          "size": 737,
          "sha1": "d770517aa186a14b8e2a5a54ebe696af576be1cd"
        },
        {
          "path": "images\/icons\/stumbleupon.png",
          "dir": false,
          "file": true,
          "perms": "0644",
          "size": 630,
          "sha1": "3160dfeea26ac3df99cf268f4d66d91c9fed52f6"
        },
        {
          "path": "images\/icons\/google.png",
          "dir": false,
          "file": true,
          "perms": "0644",
          "size": 602,
          "sha1": "97fe11120986e2c3b66786df06f9e4eb09734898"
        },
        {
          "path": "images\/services_sep.png",
          "dir": false,
          "file": true,
          "perms": "0644",
          "size": 118,
          "sha1": "fec62546a64fc189395516f82e61faef76f151df"
        }
      ]
    }
  }
}