{
  "type": "theme",
  "name": "modern",
  "version": "4.9.1",
  "revision": "10113",
  "path": "application\/themes\/modern",
  "repository": null,
  "date": "Wed, 26 Apr 2017 15:50:15 +0000",
  "title": "Modern",
  "description": null,
  "thumb": "theme.jpg",
  "developer": null,
  "authors": [
    "Webligo Developments"
  ],
  "meta": {
    "date": "Wed, 26 Apr 2017 15:50:15 +0000",
    "title": "Modern",
    "description": null,
    "developer": null,
    "authors": [
      "Webligo Developments"
    ],
    "changeLog": null
  },
  "actions": [
    "install",
    "upgrade",
    "refresh",
    "remove"
  ],
  "callback": {
    "path": null,
    "class": "Engine_Package_Installer_Theme",
    "priority": 100
  },
  "dependencies": null,
  "tests": [
    
  ],
  "permissions": [
    
  ],
  "structure": {
    "application\/themes\/modern": {
      "type": "directory",
      "path": "application\/themes\/modern",
      "structure": [
        {
          "path": "mobile.css",
          "dir": false,
          "file": true,
          "perms": "0644",
          "size": 21082,
          "sha1": "7ffd3c4ccc1e43a63f1e955da021f184c31ebeb1"
        },
        {
          "path": "theme.jpg",
          "dir": false,
          "file": true,
          "perms": "0644",
          "size": 8903,
          "sha1": "58339f148546c354bac3f2d0cd555275dba01117"
        },
        {
          "path": "constants.css",
          "dir": false,
          "file": true,
          "perms": "0644",
          "size": 8054,
          "sha1": "eeee17cd1bd104adecd320d11a087d61177f0f9b"
        },
        {
          "path": "manifest.php",
          "dir": false,
          "file": true,
          "perms": "0644",
          "size": 991,
          "sha1": "79864535835c604fec3402c15d058df86680233a"
        },
        {
          "path": "theme.css",
          "dir": false,
          "file": true,
          "perms": "0644",
          "size": 51456,
          "sha1": "b135d28e4300fcab46b5e5445711b8436ad818da"
        },
        {
          "path": "images",
          "dir": true,
          "file": false,
          "perms": "0755",
          "size": 4096,
          "sha1": null
        },
        {
          "path": "images\/bullet_hover.png",
          "dir": false,
          "file": true,
          "perms": "0644",
          "size": 179,
          "sha1": "932a55bc938965bc94a48ea2a7d540a0e35dccaf"
        },
        {
          "path": "images\/topbar_menu_bg.png",
          "dir": false,
          "file": true,
          "perms": "0644",
          "size": 170,
          "sha1": "565dda63d0039d02852e14ef58766797f25ee2f7"
        },
        {
          "path": "images\/topbar_bg.png",
          "dir": false,
          "file": true,
          "perms": "0644",
          "size": 13285,
          "sha1": "189deb8f84195b62aa20afb1c9433503cf44534f"
        },
        {
          "path": "images\/bullet.png",
          "dir": false,
          "file": true,
          "perms": "0644",
          "size": 177,
          "sha1": "88d5bbc5e895b976c41778c8eb37eb456b84908c"
        },
        {
          "path": "images\/bullet_active.png",
          "dir": false,
          "file": true,
          "perms": "0644",
          "size": 173,
          "sha1": "7eab9cf04e67034273d6532fe89a47ae58445e2f"
        },
        {
          "path": "images\/buttonbg.png",
          "dir": false,
          "file": true,
          "perms": "0644",
          "size": 105,
          "sha1": "bfbe9d72ee9861006d0538d7a4c9d9c3e0ebc6c4"
        }
      ]
    }
  }
}