{
  "type": "theme",
  "name": "clean",
  "version": "4.9.1",
  "revision": "10113",
  "path": "application\/themes\/clean",
  "repository": null,
  "date": "Wed, 26 Apr 2017 15:50:15 +0000",
  "title": "Clean",
  "description": null,
  "thumb": "theme.jpg",
  "developer": null,
  "authors": [
    "Webligo Developments"
  ],
  "meta": {
    "date": "Wed, 26 Apr 2017 15:50:15 +0000",
    "title": "Clean",
    "description": null,
    "developer": null,
    "authors": [
      "Webligo Developments"
    ],
    "changeLog": null
  },
  "actions": [
    "install",
    "upgrade",
    "refresh",
    "remove"
  ],
  "callback": {
    "path": null,
    "class": "Engine_Package_Installer_Theme",
    "priority": 100
  },
  "dependencies": null,
  "tests": [
    
  ],
  "permissions": [
    
  ],
  "structure": {
    "application\/themes\/clean": {
      "type": "directory",
      "path": "application\/themes\/clean",
      "structure": [
        {
          "path": "mobile.css",
          "dir": false,
          "file": true,
          "perms": "0644",
          "size": 19108,
          "sha1": "c41499957e22ea19ba54a0eaf43ceea967c1f256"
        },
        {
          "path": "theme.jpg",
          "dir": false,
          "file": true,
          "perms": "0644",
          "size": 6145,
          "sha1": "fb73b6732d713ab8c7dc9c128a6bac2757514d33"
        },
        {
          "path": "constants.css",
          "dir": false,
          "file": true,
          "perms": "0644",
          "size": 7711,
          "sha1": "301d8d81f815366b0abc45a02890138f2009c18b"
        },
        {
          "path": "manifest.php",
          "dir": false,
          "file": true,
          "perms": "0644",
          "size": 987,
          "sha1": "5d989989c847589efd579a4a62d838c5772b81e6"
        },
        {
          "path": "theme.css",
          "dir": false,
          "file": true,
          "perms": "0644",
          "size": 37128,
          "sha1": "96cd0a0c0935789dcdc55d96875227c2202d2e40"
        },
        {
          "path": "images",
          "dir": true,
          "file": false,
          "perms": "0755",
          "size": 4096,
          "sha1": null
        },
        {
          "path": "images\/bullet_hover.png",
          "dir": false,
          "file": true,
          "perms": "0644",
          "size": 179,
          "sha1": "932a55bc938965bc94a48ea2a7d540a0e35dccaf"
        },
        {
          "path": "images\/topbar_menu_bg.png",
          "dir": false,
          "file": true,
          "perms": "0644",
          "size": 170,
          "sha1": "565dda63d0039d02852e14ef58766797f25ee2f7"
        },
        {
          "path": "images\/topbar_bg.png",
          "dir": false,
          "file": true,
          "perms": "0644",
          "size": 13285,
          "sha1": "189deb8f84195b62aa20afb1c9433503cf44534f"
        },
        {
          "path": "images\/bullet.png",
          "dir": false,
          "file": true,
          "perms": "0644",
          "size": 177,
          "sha1": "88d5bbc5e895b976c41778c8eb37eb456b84908c"
        },
        {
          "path": "images\/bullet_active.png",
          "dir": false,
          "file": true,
          "perms": "0644",
          "size": 173,
          "sha1": "7eab9cf04e67034273d6532fe89a47ae58445e2f"
        },
        {
          "path": "images\/buttonbg.png",
          "dir": false,
          "file": true,
          "perms": "0644",
          "size": 105,
          "sha1": "bfbe9d72ee9861006d0538d7a4c9d9c3e0ebc6c4"
        }
      ]
    }
  }
}