{
  "type": "widget",
  "name": "clock",
  "version": "4.9.1",
  "revision": "9747",
  "path": "application\/widgets\/clock",
  "repository": null,
  "date": "Wed, 26 Apr 2017 15:50:15 +0000",
  "title": "Clock",
  "description": "Displays a clock.",
  "thumb": null,
  "developer": null,
  "authors": [
    "Webligo Developments"
  ],
  "meta": {
    "date": "Wed, 26 Apr 2017 15:50:15 +0000",
    "title": "Clock",
    "description": "Displays a clock.",
    "developer": null,
    "authors": [
      "Webligo Developments"
    ],
    "changeLog": null
  },
  "actions": [
    
  ],
  "callback": null,
  "dependencies": null,
  "tests": [
    
  ],
  "permissions": [
    
  ],
  "structure": {
    "application\/widgets\/clock": {
      "type": "directory",
      "path": "application\/widgets\/clock",
      "structure": [
        {
          "path": "manifest.php",
          "dir": false,
          "file": true,
          "perms": "0644",
          "size": 894,
          "sha1": "d3fd64f0b5471b1497c35dc951c249276ed227c7"
        },
        {
          "path": "Controller.php",
          "dir": false,
          "file": true,
          "perms": "0644",
          "size": 572,
          "sha1": "2c28ad4133b4e5c94730aa249aae6992ac3d3e28"
        },
        {
          "path": "index.tpl",
          "dir": false,
          "file": true,
          "perms": "0644",
          "size": 1897,
          "sha1": "b9c3a04b16aece1cc2fd5e12594aa71f27e1957b"
        }
      ]
    }
  }
}