{
  "type": "widget",
  "name": "fancymenu",
  "version": "4.9.1",
  "revision": null,
  "path": "application\/widgets\/fancymenu",
  "repository": null,
  "date": "Wed, 26 Apr 2017 15:50:15 +0000",
  "title": "Fancy Menu",
  "description": "Displays a fancy menu for your site",
  "thumb": null,
  "developer": null,
  "authors": [
    "Shane Barcinas"
  ],
  "meta": {
    "date": "Wed, 26 Apr 2017 15:50:15 +0000",
    "title": "Fancy Menu",
    "description": "Displays a fancy menu for your site",
    "developer": null,
    "authors": [
      "Shane Barcinas"
    ],
    "changeLog": null
  },
  "actions": [
    "install",
    "upgrade",
    "refresh",
    "remove"
  ],
  "callback": null,
  "dependencies": null,
  "tests": [
    
  ],
  "permissions": [
    
  ],
  "structure": {
    "application\/widgets\/fancymenu": {
      "type": "directory",
      "path": "application\/widgets\/fancymenu",
      "structure": [
        {
          "path": "manifest.php",
          "dir": false,
          "file": true,
          "perms": "0644",
          "size": 4266,
          "sha1": "b71a5fc8fc8647ed6a90b2b6b4b1b1c327111f87"
        },
        {
          "path": "Controller.php",
          "dir": false,
          "file": true,
          "perms": "0644",
          "size": 1377,
          "sha1": "f95486a252a934ed48409c1c19e17ce1621ed2cb"
        },
        {
          "path": "index.tpl",
          "dir": false,
          "file": true,
          "perms": "0644",
          "size": 3838,
          "sha1": "8281de7d130dcc830f69535ea0c71fee4809c991"
        }
      ]
    }
  }
}