{
  "type": "widget",
  "name": "rss",
  "version": "4.9.1",
  "revision": "9808",
  "path": "application\/widgets\/rss",
  "repository": null,
  "date": "Wed, 26 Apr 2017 15:50:15 +0000",
  "title": "RSS Feed",
  "description": "Displays an RSS feed.",
  "thumb": null,
  "developer": null,
  "authors": [
    "Webligo Developments"
  ],
  "meta": {
    "date": "Wed, 26 Apr 2017 15:50:15 +0000",
    "title": "RSS Feed",
    "description": "Displays an RSS feed.",
    "developer": null,
    "authors": [
      "Webligo Developments"
    ],
    "changeLog": null
  },
  "actions": [
    
  ],
  "callback": null,
  "dependencies": null,
  "tests": [
    
  ],
  "permissions": [
    
  ],
  "structure": {
    "application\/widgets\/rss": {
      "type": "directory",
      "path": "application\/widgets\/rss",
      "structure": [
        {
          "path": "manifest.php",
          "dir": false,
          "file": true,
          "perms": "0644",
          "size": 1786,
          "sha1": "7dfaa1b5478a2fd7df0b53bdb3d7563443c5b4ad"
        },
        {
          "path": "Controller.php",
          "dir": false,
          "file": true,
          "perms": "0644",
          "size": 3251,
          "sha1": "fff870858a4f1ac28c6f6a9b897b12aed4ccee70"
        },
        {
          "path": "index.tpl",
          "dir": false,
          "file": true,
          "perms": "0644",
          "size": 1841,
          "sha1": "69fe20f9288b3be951ee9b7c4c7f024914651dd3"
        }
      ]
    }
  }
}