<?xml version="1.0" encoding="UTF-8"?>
<!--
    Document   : constants.xml
    Version    : general.php 6570 2010-06-24 00:50:18Z shaun $
-->
<root>
  <constant>
    <name>testconstant</name>
    <value>testvalue</value>
  </constant>
  <constant>
    <name>theme_topbar_width</name>
    <value>100%</value>
  </constant>
  <constant>
    <name>theme_topbar_minimenu_width</name>
    <value>950px</value>
  </constant><constant>
    <name>theme_topbar_logo_width</name>
    <value>950px</value>
  </constant>
  <constant>
    <name>theme_topbar_menu_width</name>
    <value>950px</value>
  </constant>
  <constant>
    <name>theme_footer_width</name>
    <value>930px</value>
  </constant>
  <constant>
    <name>theme_content_width</name>
    <value>950px</value>
  </constant>
  <constant>
    <name>theme_content_columns_left_width</name>
    <value>190px</value>
  </constant>
  <constant>
    <name>theme_content_columns_right_width</name>
    <value>190px</value>
  </constant>
  <constant>
    <name>theme_body_background_color</name>
    <value>#fff</value>
  </constant>
  <constant>
    <name>theme_topbar_background_color</name>
    <value>#e9f4fa</value>
  </constant>
  <constant>
    <name>theme_topbar_menu_background_color</name>
    <value>#79b4d4</value>
  </constant>
  <constant>
    <name>theme_topbar_menu_background_color_hover</name>
    <value>transparent</value>
  </constant>
  <constant>
    <name>theme_topbar_menu_link_color</name>
    <value>#fff</value>
  </constant>
  <constant>
    <name>theme_topbar_menu_link_decoration</name>
    <value>none</value>
  </constant>
  <constant>
    <name>theme_topbar_menu_link_hover_color</name>
    <value>#fff</value>
  </constant>
  <constant>
    <name>theme_topbar_menu_link_hover_decoration</name>
    <value>underline</value>
  </constant>
  <constant>
    <name>theme_topbar_menu_link_size</name>
    <value>1.3em</value>
  </constant>
  <constant>
    <name>theme_topbar_menu_link_background_color</name>
    <value>transparent</value>
  </constant>
  <constant>
    <name>theme_topbar_menu_link_background_color_hover</name>
    <value>transparent</value>
  </constant>
  <constant>
    <name>theme_topbar_menu_border</name>
    <value>1px solid #89a4b3</value>
  </constant>
  <constant>
    <name>theme_topbar_minimenu_background_color</name>
    <value>#fff</value>
  </constant>
  <constant>
    <name>theme_topbar_minimenu_border</name>
    <value>2px solid #d7e7f0</value>
  </constant>
  <constant>
    <name>theme_topbar_minimenu_link_size</name>
    <value>.7em</value>
  </constant>
  <constant>
    <name>theme_topbar_minimenu_link_color</name>
    <value>#999</value>
  </constant>
  <constant>
    <name>theme_topbar_minimenu_link_hover_color</name>
    <value>#777</value>
  </constant>
  <constant>
    <name>theme_topbar_minimenu_link_hover_decoration</name>
    <value>none</value>
  </constant>
  <constant>
    <name>theme_topbar_minimenu_link_hover_background_color</name>
    <value>#d7e7f0</value>
  </constant>
  <constant>
    <name>theme_topbar_border</name>
    <value>0px solid transparent</value>
  </constant>
  <constant>
    <name>theme_font_family</name>
    <value>tahoma, arial, verdana, sans-serif</value>
  </constant>
  <constant>
    <name>theme_font_size</name>
    <value>10pt</value>
  </constant>
  <constant>
    <name>theme_font_color</name>
    <value>#555</value>
  </constant>
  <constant>
    <name>theme_font_color_light</name>
    <value>#999</value>
  </constant>
  <constant>
    <name>theme_text_align</name>
    <value>left</value>
  </constant>
  <constant>
    <name>theme_link_color</name>
    <value>#5f93b4</value>
  </constant>
  <constant>
    <name>theme_link_color_hover</name>
    <value>#4e81a1</value>
  </constant>
  <constant>
    <name>theme_link_decoration</name>
    <value>none</value>
  </constant>
  <constant>
    <name>theme_link_decoration_hover</name>
    <value>underline</value>
  </constant>
  <constant>
    <name>theme_headline_color</name>
    <value>#717171</value>
  </constant>
  <constant>
    <name>theme_headline_size_large</name>
    <value>1.5em</value>
  </constant>
  <constant>
    <name>theme_headline_size_medium</name>
    <value>1.3em</value>
  </constant>
  <constant>
    <name>theme_border_color</name>
    <value>#eaeaea</value>
  </constant>
  <constant>
    <name>theme_border_medium_color</name>
    <value>#ddd</value>
  </constant>
  <constant>
    <name>theme_border_dark_color</name>
    <value>#bbb</value>
  </constant>
  <constant>
    <name>theme_foreground_border_color</name>
    <value>#d0e2ec</value>
  </constant>
  <constant>
    <name>theme_foreground_border_color_light</name>
    <value>#d7e8f1</value>
  </constant>
  <constant>
    <name>theme_foreground_background_color</name>
    <value>#e9f4fa</value>
  </constant>
  <constant>
    <name>theme_input_background_color</name>
    <value>#fff</value>
  </constant>
  <constant>
    <name>theme_input_font_color</name>
    <value>#555</value>
  </constant>
  <constant>
    <name>theme_input_border_colors</name>
    <value>#999 #ccc #ccc #999</value>
  </constant>
  <constant>
    <name>theme_button_background_color</name>
    <value>#619dbe</value>
  </constant>
  <constant>
    <name>theme_button_background_color_hover</name>
    <value>#7eb6d5</value>
  </constant>
  <constant>
    <name>theme_button_font_color</name>
    <value>#fff</value>
  </constant>
  <constant>
    <name>theme_button_border_color</name>
    <value>#50809b</value>
  </constant>
  <constant>
    <name>theme_photo_border_color</name>
    <value>#ddd</value>
  </constant>
  <constant>
    <name>theme_photo_border_color_hover</name>
    <value>#aaa</value>
  </constant>
  <constant>
    <name>theme_form_border_color</name>
    <value>#ddecf3</value>
  </constant>
  <constant>
    <name>theme_form_background_color</name>
    <value>#f4f9fb</value>
  </constant>
  <constant>
    <name>theme_form_label_font_color</name>
    <value>#777</value>
  </constant>
  <constant>
    <name>theme_buttontabs_font_color</name>
    <value>#777</value>
  </constant>
  <constant>
    <name>theme_buttontabs_font_color_hover</name>
    <value>#555</value>
  </constant>
  <constant>
    <name>theme_buttontabs_font_color_active</name>
    <value>#fff</value>
  </constant>
  <constant>
    <name>theme_buttontabs_background_color</name>
    <value>#d4e5ee</value>
  </constant>
  <constant>
    <name>theme_buttontabs_background_color_hover</name>
    <value>#c9dde7</value>
  </constant>
  <constant>
    <name>theme_buttontabs_background_color_active</name>
    <value>#55677a</value>
  </constant>
  <constant>
    <name>theme_tabs_background_color</name>
    <value>#e9f4fa</value>
  </constant>
  <constant>
    <name>theme_tabs_border_color</name>
    <value>#cad9e1</value>
  </constant>
  <constant>
    <name>theme_tabs_border_color_hover</name>
    <value>#cad9e1</value>
  </constant>
  <constant>
    <name>theme_tabs_font_color</name>
    <value>#838e9a</value>
  </constant>
  <constant>
    <name>theme_tabs_font_color_active</name>
    <value>#555</value>
  </constant>
  <constant>
    <name>theme_tabs_background_color_active</name>
    <value>#fff</value>
  </constant>
  <constant>
    <name>theme_tabs_background_color_hover</name>
    <value>#fff</value>
  </constant>
  <constant>
    <name>theme_list_background_color</name>
    <value>#fff</value>
  </constant>
  <constant>
    <name>theme_list_background_color_alt</name>
    <value>#f9f9f9</value>
  </constant>
  <constant>
    <name>theme_list_background_color_hover</name>
    <value>#eee</value>
  </constant>
  <constant>
    <name>theme_tag_background_color</name>
    <value>#d3e6ef</value>
  </constant>
  <constant>
    <name>theme_pulldown_background_color</name>
    <value>#f1f6f8</value>
  </constant>
  <constant>
    <name>theme_pulldown_background_color_hover</name>
    <value>#ddeff9</value>
  </constant>
  <constant>
    <name>theme_pulldown_background_color_active</name>
    <value>#8197ab</value>
  </constant>
  <constant>
    <name>theme_pulldown_font_color_active</name>
    <value>#fff</value>
  </constant>
  <constant>
    <name>theme_pulldown_border_color</name>
    <value>#8197ab</value>
  </constant>
  <constant>
    <name>theme_pulldown_contents_background_color</name>
    <value>#fff</value>
  </constant>
  <constant>
    <name>theme_pulldown_contents_list_background_color_hover</name>
    <value>#f2f2f2</value>
  </constant>
  <constant>
    <name>theme_pulldown_contents_list_background_color_active</name>
    <value>#eeeeee</value>
  </constant>
<constant><name>zephyr_content_style</name><value>1</value></constant><constant><name>zephyr_newsfeed_style</name><value>4</value></constant><constant><name>zephyr_responsive_layout</name><value>true</value></constant><constant><name>zephyr_footer_gototop</name><value>1</value></constant><constant><name>zephyr_footer_socialicons</name><value>1</value></constant><constant><name>zephyr_footer_facebook</name><value>https://www.facebook.com/</value></constant><constant><name>zephyr_footer_twitter</name><value>https://www.twitter.com/</value></constant><constant><name>zephyr_home_style</name><value>1</value></constant><constant><name>zephyr_home_slider_height</name><value>550px</value></constant><constant><name>zephyr_home_slider_time</name><value>5</value></constant><constant><name>zephyr_home_icos</name><value>3</value></constant><constant><name>zephyr_home_icosimgs</name><value>0</value></constant><constant><name>zephyr_home_commimgshow</name><value>1</value></constant><constant><name>zephyr_home_commh1</name><value>1</value></constant><constant><name>zephyr_home_commh2</name><value>1</value></constant><constant><name>zephyr_homebottom_h1</name><value>1</value></constant><constant><name>zephyr_homebottom_h2</name><value>1</value></constant><constant><name>zephyr_homebottom_button</name><value>1</value></constant><constant><name>zephyr_header_layout</name><value>2</value></constant><constant><name>zephyr_header_style</name><value>2</value></constant><constant><name>zephyr_header_fixed</name><value>1</value></constant><constant><name>zephyr_header_mainmenu</name><value>1</value></constant><constant><name>zephyr_mainmenu_dropdown</name><value>5</value></constant><constant><name>zephyr_header_iconsshow</name></constant><constant><name>zephyr_header_loginbutton</name><value>0</value></constant><constant><name>zephyr_header_signupbutton</name><value>1</value></constant><constant><name>zephyr_header_iconssize</name><value>16</value></constant><constant><name>zephyr_header_vertical_totalWidth</name><value>1400px</value></constant><constant><name>zephyr_footer_logged</name><value>0</value></constant><constant><name>zephyr_footer_notlogged</name><value>1</value></constant><constant><name>zephyr_footer_style</name><value>2</value></constant><constant><name>zephyr_color_scheme</name><value>color_one</value></constant><constant><name>zephyr_body_bgcolor</name><value>#fcfcfc</value></constant><constant><name>zephyr_font_color</name><value>#454445</value></constant><constant><name>zephyr_font_colorlight</name><value>#8a878a</value></constant><constant><name>zephyr_link_color</name><value>#0a6605</value></constant><constant><name>zephyr_link_colorhover</name><value>#4f4f4f</value></constant><constant><name>zephyr_input_bgcolor</name><value>#fcfcfc</value></constant><constant><name>zephyr_content_bgcolor</name><value>#fcfcfc</value></constant><constant><name>zephyr_content_bordercolor</name><value>#f0f0f0</value></constant><constant><name>zephyr_button_bgcolor</name><value>#481b96</value></constant><constant><name>zephyr_button_color</name><value>#f7f4f7</value></constant><constant><name>zephyr_headline_color</name><value>#4b15a3</value></constant><constant><name>zephyr_comment_bgcolor</name><value>#ffffff</value></constant><constant><name>zephyr_header_bgcolor</name><value>#fcfcfc</value></constant><constant><name>zephyr_header_bordercolor</name><value>#595959</value></constant><constant><name>zephyr_headermenu_bgcolor</name><value>#4b0bc2</value></constant><constant><name>zephyr_headermenu_border</name><value>#3e8004</value></constant><constant><name>zephyr_headermenu_color</name><value>#fffcff</value></constant><constant><name>zephyr_headermenu_colorhover</name><value>#141314</value></constant><constant><name>zephyr_headermenu_bghover</name><value>#bfbc0d</value></constant><constant><name>zephyr_header_searchcolor</name><value>#171717</value></constant><constant><name>zephyr_footer_bgcolor</name><value>#dedede</value></constant><constant><name>zephyr_footer_color</name><value>#333233</value></constant><constant><name>zephyr_footer_linkcolor</name><value>#390691</value></constant><constant><name>zephyr_footer_bordercolor</name><value>transparent</value></constant><constant><name>zephyr_body_img</name><value></value></constant><constant><name>zephyr_body_imgrepeat</name><value>repeat</value></constant><constant><name>zephyr_body_imgfixed</name><value>fixed</value></constant><constant><name>zephyr_body_imgcover</name><value>cover</value></constant><constant><name>zephyr_width_main</name><value>1140px</value></constant><constant><name>zephyr_width_colleft</name><value>220px</value></constant><constant><name>zephyr_width_colright</name><value>220px</value></constant><constant><name>zephyr_header_img</name><value></value></constant><constant><name>zephyr_header_imgrepeat</name><value>no-repeat</value></constant><constant><name>zephyr_header_imgfixed</name><value>fixed</value></constant><constant><name>zephyr_header_imgcover</name><value>cover</value></constant><constant><name>zephyr_logo_margin</name><value>2px</value></constant><constant><name>zephyr_header_height</name><value>52px</value></constant><constant><name>zephyr_header_border</name><value>0px</value></constant><constant><name>zephyr_header_icons</name><value>1</value></constant><constant><name>zephyr_footer_img</name><value></value></constant><constant><name>zephyr_footer_imgrepeat</name><value>no-repeat</value></constant><constant><name>zephyr_footer_imgfixed</name><value>fixed</value></constant><constant><name>zephyr_footer_imgcover</name><value>cover</value></constant><constant><name>zephyr_footer_border</name><value>0px</value></constant><constant><name>zephyr_custom_css</name><value>.layout_page_user_index_home .layout_core_rich_text_block img{max-width:100%;height:auto;}&#13;
.sesact_feed li a img{max-width:100%;} </value></constant><constant><name>zephyr_main_font</name><value>Tahoma, Geneva, sans-serif</value></constant><constant><name>zephyr_headings_font</name><value>"Trebuchet MS", Helvetica, sans-serif</value></constant><constant><name>zephyr_font_size</name><value>11px</value></constant><constant><name>zephyr_text_fontweight</name><value>400</value></constant><constant><name>zephyr_headings_fontweight</name><value>700</value></constant><constant><name>zephyr_use_googlefonts</name><value>true</value></constant><constant><name>zephyr_google_font</name><value>Open Sans</value></constant><constant><name>zephyr_google_headingsfont</name><value>Open Sans</value></constant><constant><name>zephyr_google_fontfix</name><value>"Open Sans"</value></constant><constant><name>zephyr_google_headingsfontfix</name><value>"Open Sans"</value></constant><constant><name>zephyr_feat_linktarget</name><value>1</value></constant><constant><name>zephyr_minimenushow_profileimg</name><value>1</value></constant><constant><name>zephyr_minimenushow_logout</name><value>1</value></constant><constant><name>zephyr_googlefontset_latinext</name><value>1</value></constant><constant><name>zephyr_googlefontset_cyrillicext</name><value>1</value></constant><constant><name>zephyr_googlefontset_cyrillic</name><value>1</value></constant><constant><name>zephyr_googlefontset_greekext</name><value>1</value></constant><constant><name>zephyr_googlefontset_greek</name><value>1</value></constant><constant><name>zephyr_googlefontset_vietnamese</name><value>1</value></constant></root>
